,date,probability
0,2009-10-01,0.039401859045028687
1,2009-10-02,0.5
2,2009-10-05,0.5
3,2009-10-06,0.5
4,2009-10-07,0.5
5,2009-10-08,0.5
6,2009-10-09,0.5
7,2009-10-13,0.5
8,2009-10-14,0.5
9,2009-10-15,0.5
10,2009-10-16,0.5
11,2009-10-19,0.5
12,2009-10-20,0.5
13,2009-10-21,0.5
14,2009-10-22,0.5
15,2009-10-23,0.5
16,2009-10-26,0.5
17,2009-10-27,0.5
18,2009-10-28,0.5
19,2009-10-29,0.5
20,2009-10-30,0.5
21,2009-11-02,0.5
22,2009-11-03,0.5
23,2009-11-04,0.5
24,2009-11-05,0.5
25,2009-11-06,0.5
26,2009-11-09,0.5
27,2009-11-10,0.5
28,2009-11-12,0.5
29,2009-11-13,0.5
30,2009-11-16,0.5
31,2009-11-17,0.5
32,2009-11-18,0.5
33,2009-11-19,0.5
34,2009-11-20,0.5
35,2009-11-23,0.5
36,2009-11-24,0.5
37,2009-11-25,0.5
38,2009-11-27,0.5
39,2009-11-30,0.5
40,2009-12-01,0.5
41,2009-12-02,0.5
42,2009-12-03,0.5
43,2009-12-04,0.5
44,2009-12-07,0.5
45,2009-12-08,0.5
46,2009-12-09,0.5
47,2009-12-10,0.5
48,2009-12-11,0.5
49,2009-12-14,0.5
50,2009-12-15,0.5
51,2009-12-16,0.5
52,2009-12-17,0.5
53,2009-12-18,0.5
54,2009-12-21,0.5
55,2009-12-22,0.5
56,2009-12-23,0.5
57,2009-12-24,0.5
58,2009-12-28,0.5
59,2009-12-29,0.5
60,2009-12-30,0.5
61,2009-12-31,0.5
62,2010-01-04,0.5
63,2010-01-05,0.5
64,2010-01-06,0.5
65,2010-01-07,0.5
66,2010-01-08,0.5
67,2010-01-11,0.5
68,2010-01-12,0.5
69,2010-01-13,0.5
70,2010-01-14,0.5
71,2010-01-15,0.5
72,2010-01-19,0.5
73,2010-01-20,0.5
74,2010-01-21,0.5
75,2010-01-22,0.5
76,2010-01-25,0.5
77,2010-01-26,0.5
78,2010-01-27,0.5
79,2010-01-28,0.5
80,2010-01-29,0.5
81,2010-02-01,0.5
82,2010-02-02,0.5
83,2010-02-03,0.5
84,2010-02-04,0.5
85,2010-02-05,0.5
86,2010-02-08,0.5
87,2010-02-09,0.5
88,2010-02-10,0.5
89,2010-02-11,0.5
90,2010-02-12,0.5
91,2010-02-16,0.5
92,2010-02-17,0.5
93,2010-02-18,0.5
94,2010-02-19,0.5
95,2010-02-22,0.6748515963554382
96,2010-02-23,0.5
97,2010-02-24,0.5
98,2010-02-25,0.5
99,2010-02-26,0.5
100,2010-03-01,0.5
101,2010-03-02,0.5
102,2010-03-03,0.5
103,2010-03-04,0.5
104,2010-03-05,0.5
105,2010-03-08,0.5
106,2010-03-09,0.5
107,2010-03-10,0.5
108,2010-03-11,0.5
109,2010-03-12,0.5
110,2010-03-15,0.5
111,2010-03-16,0.5
112,2010-03-17,0.5
113,2010-03-18,0.5
114,2010-03-19,0.5
115,2010-03-22,0.5
116,2010-03-23,0.5
117,2010-03-24,0.5
118,2010-03-25,0.5
119,2010-03-26,0.5
120,2010-03-29,0.5
121,2010-03-30,0.5
122,2010-03-31,0.5
123,2010-04-01,0.5
124,2010-04-02,0.5
125,2010-04-05,0.5
126,2010-04-06,0.002086818218231201
127,2010-04-07,0.5
128,2010-04-08,0.5
129,2010-04-09,0.5
130,2010-04-12,0.5
131,2010-04-13,0.5
132,2010-04-14,0.5
133,2010-04-15,0.5
134,2010-04-16,0.5
135,2010-04-19,0.5
136,2010-04-20,0.5
137,2010-04-21,0.5
138,2010-04-22,0.5
139,2010-04-23,0.5
140,2010-04-26,0.5
141,2010-04-27,0.5
142,2010-04-28,0.5
143,2010-04-29,0.5
144,2010-04-30,0.5
145,2010-05-03,0.5
146,2010-05-04,0.5
147,2010-05-05,0.5
148,2010-05-06,0.5
149,2010-05-07,0.5
150,2010-05-10,0.5
151,2010-05-11,0.5
152,2010-05-12,0.5
153,2010-05-13,0.5
154,2010-05-14,0.5
155,2010-05-17,0.5
156,2010-05-18,0.5
157,2010-05-19,0.5
158,2010-05-20,0.5
159,2010-05-21,0.5
160,2010-05-24,0.5
161,2010-05-25,0.5
162,2010-05-26,0.5
163,2010-05-27,0.5
164,2010-05-28,0.5
165,2010-06-01,0.5
166,2010-06-02,0.5
167,2010-06-03,0.5
168,2010-06-04,0.5
169,2010-06-07,0.5
170,2010-06-08,0.5
171,2010-06-09,0.5
172,2010-06-10,0.5
173,2010-06-11,0.5
174,2010-06-14,0.5
175,2010-06-15,0.5
176,2010-06-16,0.5
177,2010-06-17,0.5
178,2010-06-18,0.5
179,2010-06-21,0.5
180,2010-06-22,0.0036888718605041504
181,2010-06-23,0.5
182,2010-06-24,0.5
183,2010-06-25,0.5
184,2010-06-28,0.5
185,2010-06-29,0.054458677768707275
186,2010-06-30,0.5
187,2010-07-01,0.5
188,2010-07-02,0.5
189,2010-07-06,0.5
190,2010-07-07,0.5
191,2010-07-08,0.5
192,2010-07-09,0.5
193,2010-07-12,0.5
194,2010-07-13,0.5
195,2010-07-14,0.5
196,2010-07-15,0.5
197,2010-07-16,0.5
198,2010-07-19,0.5
199,2010-07-20,0.5
200,2010-07-21,0.5
201,2010-07-22,0.5
202,2010-07-23,0.5
203,2010-07-26,0.5
204,2010-07-27,0.5
205,2010-07-28,0.5
206,2010-07-29,0.5
207,2010-07-30,0.5
208,2010-08-02,0.5
209,2010-08-03,0.5
210,2010-08-04,0.5
211,2010-08-05,0.5
212,2010-08-06,0.5
213,2010-08-09,0.5
214,2010-08-10,0.5
215,2010-08-11,0.5
216,2010-08-12,0.5
217,2010-08-13,0.5
218,2010-08-16,0.5
219,2010-08-17,0.5
220,2010-08-18,0.5
221,2010-08-19,0.5
222,2010-08-20,0.5
223,2010-08-23,0.5
224,2010-08-24,0.5
225,2010-08-25,0.5
226,2010-08-26,0.5
227,2010-08-27,0.5
228,2010-08-30,0.5
229,2010-08-31,0.5
230,2010-09-01,0.5
231,2010-09-02,0.5
232,2010-09-03,0.5
233,2010-09-07,0.5
234,2010-09-08,0.5
235,2010-09-09,0.5
236,2010-09-10,0.32372236251831055
237,2010-09-13,0.5
238,2010-09-14,0.5
239,2010-09-15,0.5
240,2010-09-16,0.5
241,2010-09-17,0.5
242,2010-09-20,0.5
243,2010-09-21,0.0012023448944091797
244,2010-09-22,0.5
245,2010-09-23,0.5
246,2010-09-24,0.5
247,2010-09-27,0.5
248,2010-09-28,0.5
249,2010-09-29,0.5
250,2010-09-30,0.5
251,2010-10-01,0.5
252,2010-10-04,0.5
253,2010-10-05,0.5
254,2010-10-06,0.5
255,2010-10-07,0.5
256,2010-10-08,0.5
257,2010-10-12,0.5
258,2010-10-13,0.5
259,2010-10-14,0.5
260,2010-10-15,0.5
261,2010-10-18,0.5
262,2010-10-19,0.5
263,2010-10-20,0.5
264,2010-10-21,0.5
265,2010-10-22,0.5
266,2010-10-25,0.5
267,2010-10-26,0.5
268,2010-10-27,0.5
269,2010-10-28,0.5
270,2010-10-29,0.00341719388961792
271,2010-11-01,0.5
272,2010-11-02,0.5
273,2010-11-03,0.5
274,2010-11-04,0.5
275,2010-11-05,0.5
276,2010-11-08,0.5
277,2010-11-09,0.5
278,2010-11-10,0.5
279,2010-11-12,0.5
280,2010-11-15,0.5
281,2010-11-16,0.5
282,2010-11-17,0.5
283,2010-11-18,0.5
284,2010-11-19,0.5
285,2010-11-22,0.5
286,2010-11-23,0.5
287,2010-11-24,0.5
288,2010-11-26,0.5
289,2010-11-29,0.5
290,2010-11-30,0.5
291,2010-12-01,0.5
292,2010-12-02,0.5
293,2010-12-03,0.5
294,2010-12-06,0.5
295,2010-12-07,0.5
296,2010-12-08,0.5
297,2010-12-09,0.0016082227230072021
298,2010-12-10,0.5
299,2010-12-13,0.5
300,2010-12-14,0.5
301,2010-12-15,0.5
302,2010-12-16,0.5
303,2010-12-17,0.5
304,2010-12-20,0.5
305,2010-12-21,0.5
306,2010-12-22,0.5
307,2010-12-23,0.5
308,2010-12-27,0.5
309,2010-12-28,0.5
310,2010-12-29,0.5
311,2010-12-30,0.5
312,2011-01-03,0.5
313,2011-01-04,0.5
314,2011-01-05,0.5
315,2011-01-06,0.5
316,2011-01-07,0.5
317,2011-01-10,0.5
318,2011-01-11,0.5
319,2011-01-12,0.5
320,2011-01-13,0.5
321,2011-01-14,3.1948089599609375e-05
322,2011-01-18,0.5
323,2011-01-19,0.5
324,2011-01-20,0.5
325,2011-01-21,0.5
326,2011-01-24,0.5
327,2011-01-25,0.5
328,2011-01-26,0.5
329,2011-01-27,0.5
330,2011-01-28,0.5
331,2011-01-31,0.5
332,2011-02-01,0.5
333,2011-02-02,0.013025879859924316
334,2011-02-03,0.5
335,2011-02-04,0.5
336,2011-02-07,0.5
337,2011-02-08,0.5
338,2011-02-09,0.5
339,2011-02-10,0.5
340,2011-02-11,0.5
341,2011-02-14,0.5
342,2011-02-15,0.5
343,2011-02-16,0.5
344,2011-02-17,0.5
345,2011-02-18,0.5
346,2011-02-22,0.5
347,2011-02-23,0.5
348,2011-02-24,0.5
349,2011-02-25,0.5
350,2011-02-28,0.5
351,2011-03-01,0.5
352,2011-03-02,0.5
353,2011-03-03,0.5
354,2011-03-04,0.5
355,2011-03-07,0.5
356,2011-03-08,0.5
357,2011-03-09,0.5
358,2011-03-10,0.21593379974365234
359,2011-03-11,0.14340280759625318
360,2011-03-14,0.14253621074286374
361,2011-03-15,0.1509386208150294
362,2011-03-16,0.16663484728854636
363,2011-03-17,0.13855152933493906
364,2011-03-18,0.2129601275920868
365,2011-03-21,0.051163047552108765
366,2011-03-22,0.10479881452477496
367,2011-03-23,0.10475743874426811
368,2011-03-24,0.051163047552108765
369,2011-03-25,0.13692361929199912
370,2011-03-28,0.15546676287284264
371,2011-03-29,0.13227791677821765
372,2011-03-30,0.05654205216301812
373,2011-03-31,0.12640537376757022
374,2011-04-01,0.044247184480939596
375,2011-04-04,0.051163047552108765
376,2011-04-05,0.060845255851745605
377,2011-04-06,0.09957408905029297
378,2011-04-07,0.051163047552108765
379,2011-04-08,0.5
380,2011-04-11,0.5
381,2011-04-12,0.9994838237762451
382,2011-04-13,0.5
383,2011-04-14,0.5
384,2011-04-15,0.5
385,2011-04-18,0.5
386,2011-04-19,0.5
387,2011-04-20,0.051163047552108765
388,2011-04-21,0.5
389,2011-04-22,0.5
390,2011-04-25,0.5
391,2011-04-26,0.051163047552108765
392,2011-04-27,0.051163047552108765
393,2011-04-28,0.5
394,2011-04-29,0.5
395,2011-05-02,0.051163047552108765
396,2011-05-03,0.5
397,2011-05-04,0.5
398,2011-05-05,0.5
399,2011-05-06,0.5
400,2011-05-09,0.5
401,2011-05-10,0.5
402,2011-05-11,0.5
403,2011-05-12,0.051163047552108765
404,2011-05-13,0.5
405,2011-05-16,0.5
406,2011-05-17,0.051163047552108765
407,2011-05-18,0.5
408,2011-05-19,0.5
409,2011-05-20,0.5
410,2011-05-23,0.5
411,2011-05-24,0.5
412,2011-05-25,0.5
413,2011-05-26,0.5
414,2011-05-27,0.5
415,2011-05-31,0.5
416,2011-06-01,0.5
417,2011-06-02,0.5
418,2011-06-03,0.5
419,2011-06-06,0.051163047552108765
420,2011-06-07,0.5
421,2011-06-08,0.5
422,2011-06-09,0.5
423,2011-06-10,0.5
424,2011-06-13,0.09957408905029297
425,2011-06-14,0.5
426,2011-06-15,0.5
427,2011-06-16,0.5
428,2011-06-17,0.5
429,2011-06-20,0.5
430,2011-06-21,0.5
431,2011-06-22,0.5
432,2011-06-23,0.5
433,2011-06-24,0.5
434,2011-06-27,6.663799285888672e-05
435,2011-06-28,0.5
436,2011-06-29,0.5
437,2011-06-30,0.5
438,2011-07-01,0.5
439,2011-07-05,0.5
440,2011-07-06,0.5
441,2011-07-07,0.0027520060539245605
442,2011-07-08,0.09957408905029297
443,2011-07-11,0.5
444,2011-07-12,0.5
445,2011-07-13,0.5
446,2011-07-14,0.5
447,2011-07-15,0.5
448,2011-07-18,0.051163047552108765
449,2011-07-19,0.5
450,2011-07-20,0.5
451,2011-07-21,0.5
452,2011-07-22,0.5
453,2011-07-25,0.5
454,2011-07-26,0.5
455,2011-07-27,0.5
456,2011-07-28,0.5
457,2011-07-29,0.0017715096473693848
458,2011-08-01,0.5
459,2011-08-02,0.9664127826690674
460,2011-08-03,0.07067900896072388
461,2011-08-04,0.5
462,2011-08-05,0.5
463,2011-08-08,0.0007483363151550293
464,2011-08-09,0.031680941581726074
465,2011-08-10,0.009282529354095459
466,2011-08-11,0.5
467,2011-08-12,0.5
468,2011-08-15,0.5
469,2011-08-16,0.5
470,2011-08-17,0.3898664116859436
471,2011-08-18,0.32133179903030396
472,2011-08-19,0.00015032291412353516
473,2011-08-22,0.5
474,2011-08-23,0.09636902809143066
475,2011-08-24,0.5
476,2011-08-25,0.5
477,2011-08-26,0.5
478,2011-08-29,0.5
479,2011-08-30,0.5
480,2011-08-31,0.5
481,2011-09-01,0.5
482,2011-09-02,0.00018543004989624023
483,2011-09-06,0.5
484,2011-09-07,0.5
485,2011-09-08,0.5
486,2011-09-09,0.5
487,2011-09-12,0.5
488,2011-09-13,0.5
489,2011-09-14,0.01442098617553711
490,2011-09-15,0.5
491,2011-09-16,0.5
492,2011-09-19,0.5
493,2011-09-20,0.5
494,2011-09-21,0.006119251251220703
495,2011-09-22,0.8950892090797424
496,2011-09-23,0.5
497,2011-09-26,0.5
498,2011-09-27,0.002251923084259033
499,2011-09-28,0.5
500,2011-09-29,0.5
501,2011-09-30,0.5
502,2011-10-03,0.5
503,2011-10-04,0.5
504,2011-10-05,0.5
505,2011-10-06,0.5
506,2011-10-07,0.5
507,2011-10-11,0.5
508,2011-10-12,0.5
509,2011-10-13,0.5
510,2011-10-14,0.5
511,2011-10-17,0.5
512,2011-10-18,0.5
513,2011-10-19,0.5
514,2011-10-20,0.5
515,2011-10-21,0.5
516,2011-10-24,0.5
517,2011-10-25,0.5
518,2011-10-26,0.5
519,2011-10-27,0.5
520,2011-10-28,0.5
521,2011-10-31,0.5
522,2011-11-01,0.5
523,2011-11-02,0.5
524,2011-11-03,0.5
525,2011-11-04,0.5
526,2011-11-07,0.5
527,2011-11-08,0.5
528,2011-11-09,0.01683446764945984
529,2011-11-10,0.5
530,2011-11-14,0.5
531,2011-11-15,0.5
532,2011-11-16,0.5
533,2011-11-17,0.5
534,2011-11-18,0.5
535,2011-11-21,0.5
536,2011-11-22,0.5
537,2011-11-23,0.5
538,2011-11-25,0.5
539,2011-11-28,0.5
540,2011-11-29,0.5
541,2011-11-30,0.5
542,2011-12-01,0.5
543,2011-12-02,0.5
544,2011-12-05,0.5
545,2011-12-06,0.5
546,2011-12-07,0.5
547,2011-12-08,0.033128201961517334
548,2011-12-09,0.5
549,2011-12-12,0.5
550,2011-12-13,0.5
551,2011-12-14,0.5
552,2011-12-15,0.5
553,2011-12-16,0.025088191032409668
554,2011-12-19,0.5
555,2011-12-20,0.5
556,2011-12-21,0.5
557,2011-12-22,0.5
558,2011-12-23,0.5
559,2011-12-27,0.5
560,2011-12-28,0.5
561,2011-12-29,0.5
562,2011-12-30,0.5
563,2012-01-03,0.5
564,2012-01-04,0.5
565,2012-01-05,0.5
566,2012-01-06,0.5
567,2012-01-09,0.5
568,2012-01-10,0.5
569,2012-01-11,0.5
570,2012-01-12,0.5
571,2012-01-13,0.6471894979476929
572,2012-01-17,0.001161038875579834
573,2012-01-18,0.5
574,2012-01-19,0.5
575,2012-01-20,0.5
576,2012-01-23,0.45050048828125
577,2012-01-24,0.49191582202911377
578,2012-01-25,0.5
579,2012-01-26,0.5
580,2012-01-27,0.5
581,2012-01-30,0.5
582,2012-01-31,0.5
583,2012-02-01,0.5
584,2012-02-02,0.5
585,2012-02-03,0.5
586,2012-02-06,0.5
587,2012-02-07,0.5
588,2012-02-08,0.5
589,2012-02-09,0.5
590,2012-02-10,0.5
591,2012-02-13,0.5
592,2012-02-14,0.5
593,2012-02-15,0.5
594,2012-02-16,0.5
595,2012-02-17,0.5
596,2012-02-21,0.5
597,2012-02-22,0.5
598,2012-02-23,0.5
599,2012-02-24,0.5
600,2012-02-27,0.5
601,2012-02-28,0.5
602,2012-02-29,0.5
603,2012-03-01,0.5
604,2012-03-02,0.5
605,2012-03-05,0.5
606,2012-03-06,0.9858799576759338
607,2012-03-07,0.5
608,2012-03-08,0.5
609,2012-03-09,0.5
610,2012-03-12,0.5
611,2012-03-13,0.5069159269332886
612,2012-03-14,0.5
613,2012-03-15,0.5
614,2012-03-16,0.5
615,2012-03-19,0.5
616,2012-03-20,0.5
617,2012-03-21,0.5
618,2012-03-22,0.0013547539710998535
619,2012-03-23,0.5
620,2012-03-26,0.0013235211372375488
621,2012-03-27,0.5
622,2012-03-28,0.5
623,2012-03-29,0.5
624,2012-03-30,0.5
625,2012-04-02,0.5
626,2012-04-03,0.5
627,2012-04-04,0.5
628,2012-04-05,0.5
629,2012-04-06,0.5
630,2012-04-09,0.5
631,2012-04-10,0.5
632,2012-04-11,0.5
633,2012-04-12,0.5
634,2012-04-13,0.5
635,2012-04-16,0.014644980430603027
636,2012-04-17,0.5
637,2012-04-18,0.5
638,2012-04-19,0.5
639,2012-04-20,0.5
640,2012-04-23,0.5
641,2012-04-24,0.5
642,2012-04-25,0.552526205778122
643,2012-04-26,0.5
644,2012-04-27,0.16953599452972412
645,2012-04-30,0.5
646,2012-05-01,0.5
647,2012-05-02,0.5
648,2012-05-03,0.5
649,2012-05-04,0.011626243591308594
650,2012-05-07,0.5
651,2012-05-08,0.5
652,2012-05-09,0.5
653,2012-05-10,0.5
654,2012-05-11,0.9857785701751709
655,2012-05-14,0.5
656,2012-05-15,0.5
657,2012-05-16,0.5
658,2012-05-17,0.18680371344089508
659,2012-05-18,0.5
660,2012-05-21,0.5
661,2012-05-22,0.5
662,2012-05-23,0.5
663,2012-05-24,0.5
664,2012-05-25,0.5
665,2012-05-29,0.5
666,2012-05-30,0.0024923384189605713
667,2012-05-31,0.5
668,2012-06-01,0.5
669,2012-06-04,0.9970049262046814
670,2012-06-05,0.5
671,2012-06-06,0.5
672,2012-06-07,0.9954546689987183
673,2012-06-08,0.5
674,2012-06-11,0.5
675,2012-06-12,0.5
676,2012-06-13,0.5
677,2012-06-14,0.5
678,2012-06-15,0.5
679,2012-06-18,0.5
680,2012-06-19,0.5
681,2012-06-20,0.5
682,2012-06-21,0.5
683,2012-06-22,0.5
684,2012-06-25,0.5
685,2012-06-26,0.5
686,2012-06-27,0.5
687,2012-06-28,0.5
688,2012-06-29,0.5
689,2012-07-02,0.5
690,2012-07-03,0.5
691,2012-07-05,0.5
692,2012-07-06,0.5
693,2012-07-09,0.5
694,2012-07-10,0.5
695,2012-07-11,0.5
696,2012-07-12,0.5
697,2012-07-13,0.5
698,2012-07-16,0.007271468639373779
699,2012-07-17,0.5
700,2012-07-18,0.5
701,2012-07-19,0.5
702,2012-07-20,0.5
703,2012-07-23,0.5
704,2012-07-24,0.5
705,2012-07-25,0.5
706,2012-07-26,0.5
707,2012-07-27,0.5
708,2012-07-30,0.5
709,2012-07-31,0.5
710,2012-08-01,0.5
711,2012-08-02,0.5
712,2012-08-03,0.040852487087249756
713,2012-08-06,0.986375093460083
714,2012-08-07,0.5
715,2012-08-08,0.5
716,2012-08-09,0.30282968282699585
717,2012-08-10,0.5
718,2012-08-13,0.5
719,2012-08-14,0.5
720,2012-08-15,0.5
721,2012-08-16,0.5
722,2012-08-17,0.5
723,2012-08-20,0.5
724,2012-08-21,0.3293542265892029
725,2012-08-22,0.5
726,2012-08-23,0.5
727,2012-08-24,0.5
728,2012-08-27,0.5
729,2012-08-28,0.5
730,2012-08-29,0.5
731,2012-08-30,0.5
732,2012-08-31,0.5
733,2012-09-04,0.5
734,2012-09-05,0.5
735,2012-09-06,0.5
736,2012-09-07,0.5
737,2012-09-10,0.5
738,2012-09-11,0.5
739,2012-09-12,0.5
740,2012-09-13,0.7767727772394816
741,2012-09-14,0.5
742,2012-09-17,0.5
743,2012-09-18,0.5
744,2012-09-19,0.5
745,2012-09-20,0.5
746,2012-09-21,0.5
747,2012-09-24,0.5
748,2012-09-25,3.8504600524902344e-05
749,2012-09-26,0.05085337162017822
750,2012-09-27,0.9914785027503967
751,2012-09-28,0.5
752,2012-10-01,0.5
753,2012-10-02,0.5
754,2012-10-03,0.5
755,2012-10-04,0.5
756,2012-10-05,0.0012785792350769043
757,2012-10-09,0.5
758,2012-10-10,0.5
759,2012-10-11,0.5
760,2012-10-12,0.5
761,2012-10-15,0.5
762,2012-10-16,0.6131737232208252
763,2012-10-17,0.5
764,2012-10-18,0.5
765,2012-10-19,0.5
766,2012-10-22,0.5
767,2012-10-23,0.5
768,2012-10-24,0.6560087402661642
769,2012-10-25,0.5
770,2012-10-26,0.5
771,2012-10-29,0.5
772,2012-10-30,0.5
773,2012-10-31,0.5
774,2012-11-01,0.5
775,2012-11-02,0.002492547035217285
776,2012-11-05,0.5
777,2012-11-06,0.5
778,2012-11-07,0.5
779,2012-11-08,0.5
780,2012-11-09,0.5
781,2012-11-13,0.5
782,2012-11-14,0.5
783,2012-11-15,0.5
784,2012-11-16,0.5
785,2012-11-19,0.5
786,2012-11-20,0.5
787,2012-11-21,0.5
788,2012-11-23,0.5
789,2012-11-26,0.5
790,2012-11-27,0.5
791,2012-11-28,0.5
792,2012-11-29,0.5
793,2012-11-30,0.5
794,2012-12-03,0.5
795,2012-12-04,0.5
796,2012-12-05,0.5
797,2012-12-06,0.5
798,2012-12-07,0.5
799,2012-12-10,0.5
800,2012-12-11,0.5
801,2012-12-12,0.5
802,2012-12-13,0.5
803,2012-12-14,0.5
804,2012-12-17,0.5
805,2012-12-18,0.5
806,2012-12-19,0.5
807,2012-12-20,0.5
808,2012-12-21,0.5
809,2012-12-24,0.5
810,2012-12-26,0.4126010537147522
811,2012-12-27,0.5
812,2012-12-28,0.5
813,2012-12-31,0.5
814,2013-01-02,0.7213046550750732
815,2013-01-03,0.5
816,2013-01-04,0.5
817,2013-01-07,0.5
818,2013-01-08,0.0017231523990631104
819,2013-01-09,0.004987676938374837
820,2013-01-10,0.5
821,2013-01-11,0.5
822,2013-01-14,0.5
823,2013-01-15,0.5
824,2013-01-16,0.02209397724696568
825,2013-01-17,0.5
826,2013-01-18,1.0848045349121094e-05
827,2013-01-22,0.5
828,2013-01-23,0.5
829,2013-01-24,0.010552525520324707
830,2013-01-25,0.5
831,2013-01-28,0.5
832,2013-01-29,0.5
833,2013-01-30,0.5
834,2013-01-31,0.5
835,2013-02-01,0.5
836,2013-02-04,0.5
837,2013-02-05,0.0005690455436706543
838,2013-02-06,0.5
839,2013-02-07,0.5
840,2013-02-08,0.5
841,2013-02-11,0.5
842,2013-02-12,0.5
843,2013-02-13,0.5
844,2013-02-14,0.5
845,2013-02-15,0.5
846,2013-02-19,0.0034349262714385986
847,2013-02-20,0.5
848,2013-02-21,0.4312812342093541
849,2013-02-22,0.045669732045154184
850,2013-02-25,0.03960921672674326
851,2013-02-26,0.0021612376582865814
852,2013-02-27,0.5
853,2013-02-28,0.5
854,2013-03-01,0.5
855,2013-03-04,0.5
856,2013-03-05,0.5
857,2013-03-06,0.5
858,2013-03-07,0.5
859,2013-03-08,0.5
860,2013-03-11,0.5
861,2013-03-12,0.5
862,2013-03-13,0.5
863,2013-03-14,0.5
864,2013-03-15,0.5
865,2013-03-18,0.5
866,2013-03-19,0.8465794324874878
867,2013-03-20,0.5
868,2013-03-21,0.5
869,2013-03-22,0.08903807983165835
870,2013-03-25,0.5
871,2013-03-26,0.5
872,2013-03-27,0.5
873,2013-03-28,0.9697449207305908
874,2013-03-29,0.5
875,2013-04-01,0.0030058111463274273
876,2013-04-02,0.5
877,2013-04-03,0.5645514130592346
878,2013-04-04,0.5
879,2013-04-05,0.5
880,2013-04-08,0.6842112317681313
881,2013-04-09,0.5
882,2013-04-10,0.5
883,2013-04-11,0.5
884,2013-04-12,0.5
885,2013-04-15,0.04330563545227051
886,2013-04-16,0.5
887,2013-04-17,3.2842159271240234e-05
888,2013-04-18,0.003168046474456787
889,2013-04-19,0.43819892406463623
890,2013-04-22,0.5
891,2013-04-23,0.5
892,2013-04-24,0.5
893,2013-04-25,0.5
894,2013-04-26,0.5
895,2013-04-29,0.5
896,2013-04-30,0.5
897,2013-05-01,0.5
898,2013-05-02,0.5
899,2013-05-03,0.5
900,2013-05-06,0.5
901,2013-05-07,0.5
902,2013-05-08,0.5
903,2013-05-09,0.5
904,2013-05-10,0.5
905,2013-05-13,0.5
906,2013-05-14,0.5
907,2013-05-15,0.5
908,2013-05-16,0.5
909,2013-05-17,0.5
910,2013-05-20,0.5
911,2013-05-21,0.06281810998916626
912,2013-05-22,0.4045400023460388
913,2013-05-23,0.5
914,2013-05-24,0.5
915,2013-05-28,0.10197490453720093
916,2013-05-29,0.039024293422698975
917,2013-05-30,0.00860665887594223
918,2013-05-31,0.5
919,2013-06-03,0.5
920,2013-06-04,0.5
921,2013-06-05,0.5
922,2013-06-06,0.00011086463928222656
923,2013-06-07,0.5
924,2013-06-10,0.5
925,2013-06-11,0.4994187653064728
926,2013-06-12,0.9460456967353821
927,2013-06-13,0.5
928,2013-06-14,0.11583614349365234
929,2013-06-17,0.5
930,2013-06-18,0.5
931,2013-06-19,0.0005434155464172363
932,2013-06-20,0.988901674747467
933,2013-06-21,0.3333824078241984
934,2013-06-24,0.0005219578742980957
935,2013-06-25,0.5200327184735513
936,2013-06-26,0.11702942848205566
937,2013-06-27,0.5
938,2013-06-28,0.003404378890991211
939,2013-07-01,0.5
940,2013-07-02,0.00038701295852661133
941,2013-07-03,0.5
942,2013-07-05,0.4784489870071411
943,2013-07-08,0.9944731593132019
944,2013-07-09,0.30090198665857315
945,2013-07-10,0.5
946,2013-07-11,0.5
947,2013-07-12,0.006014406681060791
948,2013-07-15,0.39857709407806396
949,2013-07-16,0.5
950,2013-07-17,5.519390106201172e-05
951,2013-07-18,0.5
952,2013-07-19,0.5
953,2013-07-22,0.5
954,2013-07-23,0.5
955,2013-07-24,0.0493396520614624
956,2013-07-25,0.5
957,2013-07-26,0.5
958,2013-07-29,0.5
959,2013-07-30,0.5
960,2013-07-31,0.5
961,2013-08-01,0.49977970123291016
962,2013-08-02,7.581710815429688e-05
963,2013-08-05,0.5
964,2013-08-06,0.5
965,2013-08-07,0.5
966,2013-08-08,0.5
967,2013-08-09,0.006863951683044434
968,2013-08-12,0.5
969,2013-08-13,0.5
970,2013-08-14,0.009287893772125244
971,2013-08-15,0.5
972,2013-08-16,0.5009854435920715
973,2013-08-19,0.6826008504087274
974,2013-08-20,0.7767653117577235
975,2013-08-21,0.0045539140701293945
976,2013-08-22,0.818777526418368
977,2013-08-23,0.5
978,2013-08-26,0.5011731882890066
979,2013-08-27,0.1425865027639601
980,2013-08-28,0.11883269995450974
981,2013-08-29,0.010017812252044678
982,2013-08-30,0.5
983,2013-09-03,0.5
984,2013-09-04,0.10341840440576727
985,2013-09-05,0.014353199438615278
986,2013-09-06,0.1704760044813156
987,2013-09-09,0.5
988,2013-09-10,0.5866046249866486
989,2013-09-11,0.8769998635564532
990,2013-09-12,0.34411826729774475
991,2013-09-13,0.1714007475159385
992,2013-09-16,0.20248344871732923
993,2013-09-17,0.15401524305343628
994,2013-09-18,0.17146414518356323
995,2013-09-19,0.26788402795791627
996,2013-09-20,0.5
997,2013-09-23,0.5
998,2013-09-24,0.06382891264828769
999,2013-09-25,0.23975049124823677
1000,2013-09-26,0.5
1001,2013-09-27,0.5
1002,2013-09-30,0.5
1003,2013-10-01,0.0005640029907226562
1004,2013-10-02,0.5
1005,2013-10-03,0.00032258033752441406
1006,2013-10-04,0.5
1007,2013-10-07,0.0002459883689880371
1008,2013-10-08,0.5
1009,2013-10-09,0.004232287406921387
1010,2013-10-10,0.5
1011,2013-10-11,0.5
1012,2013-10-15,0.5
1013,2013-10-16,0.5267863273620605
1014,2013-10-17,0.3890889485677083
1015,2013-10-18,0.4830050766468048
1016,2013-10-21,0.8592499494552612
1017,2013-10-22,0.31373849511146545
1018,2013-10-23,0.6675431132316589
1019,2013-10-24,0.8176054954528809
1020,2013-10-25,0.5
1021,2013-10-28,0.8008496165275574
1022,2013-10-29,0.9959326386451721
1023,2013-10-30,0.0009570717811584473
1024,2013-10-31,0.35082337260246277
1025,2013-11-01,0.136826229095459
1026,2013-11-04,0.0015888869762420653
1027,2013-11-05,0.13933241367340088
1028,2013-11-06,0.5
1029,2013-11-07,0.0005164742469787598
1030,2013-11-08,0.5
1031,2013-11-12,0.43998318910598755
1032,2013-11-13,0.43159186840057373
1033,2013-11-14,0.026076793670654297
1034,2013-11-15,0.00811243908745902
1035,2013-11-18,0.5
1036,2013-11-19,0.7140606939792633
1037,2013-11-20,0.5039517680803934
1038,2013-11-21,0.0348394513130188
1039,2013-11-22,0.5
1040,2013-11-25,0.5
1041,2013-11-26,0.5
1042,2013-11-27,0.5
1043,2013-11-29,0.5
1044,2013-12-02,0.0193403959274292
1045,2013-12-03,0.5
1046,2013-12-04,0.00680115818977356
1047,2013-12-05,0.002315044403076172
1048,2013-12-06,0.0016596317291259766
1049,2013-12-09,0.04874958594640096
1050,2013-12-10,0.11253457516431808
1051,2013-12-11,0.00021988153457641602
1052,2013-12-12,0.5
1053,2013-12-13,0.0010541081428527832
1054,2013-12-16,0.5
1055,2013-12-17,0.5
1056,2013-12-18,0.17469737927118936
1057,2013-12-19,0.5
1058,2013-12-20,0.5
1059,2013-12-23,0.5
1060,2013-12-24,0.5
1061,2013-12-26,0.9866047501564026
1062,2013-12-27,0.08792723627651439
1063,2013-12-30,0.5
1064,2013-12-31,0.5
1065,2014-01-02,0.5
1066,2014-01-03,0.5
1067,2014-01-06,0.004087090492248535
1068,2014-01-07,0.5
1069,2014-01-08,0.06147730350494385
1070,2014-01-09,0.5
1071,2014-01-10,0.001568615436553955
1072,2014-01-13,0.01877261059624808
1073,2014-01-14,0.5
1074,2014-01-15,0.37172915538152057
1075,2014-01-16,0.5
1076,2014-01-17,0.5
1077,2014-01-21,0.09922322630882263
1078,2014-01-22,0.5
1079,2014-01-23,0.4373571753501892
1080,2014-01-24,0.6503938635190328
1081,2014-01-27,0.5
1082,2014-01-28,0.5002391040325165
1083,2014-01-29,4.315376281738281e-05
1084,2014-01-30,0.3121892213821411
1085,2014-01-31,0.5
1086,2014-02-03,0.10350045561790466
1087,2014-02-04,0.0041196346282958984
1088,2014-02-05,0.10535383224487305
1089,2014-02-06,0.5
1090,2014-02-07,0.5
1091,2014-02-10,0.5
1092,2014-02-11,0.5
1093,2014-02-12,0.5192326605319977
1094,2014-02-13,0.5
1095,2014-02-14,0.0005052089691162109
1096,2014-02-18,0.5
1097,2014-02-19,0.5
1098,2014-02-20,0.5
1099,2014-02-21,0.5
1100,2014-02-24,0.5
1101,2014-02-25,0.5
1102,2014-02-26,0.00189208984375
1103,2014-02-27,0.5
1104,2014-02-28,0.947674572467804
1105,2014-03-03,0.5
1106,2014-03-04,0.8434324264526367
1107,2014-03-05,0.5
1108,2014-03-06,0.5
1109,2014-03-07,0.5
1110,2014-03-10,0.7280347438958975
1111,2014-03-11,0.5
1112,2014-03-12,0.045734941959381104
1113,2014-03-13,0.5
1114,2014-03-14,0.5
1115,2014-03-17,0.5
1116,2014-03-18,0.5
1117,2014-03-19,0.009336739778518677
1118,2014-03-20,0.003554999828338623
1119,2014-03-21,0.5
1120,2014-03-24,0.5
1121,2014-03-25,0.5
1122,2014-03-26,0.5
1123,2014-03-27,0.5
1124,2014-03-28,0.0034945011138916016
1125,2014-03-31,0.5
1126,2014-04-01,0.5
1127,2014-04-02,0.5
1128,2014-04-03,0.04056587127538828
1129,2014-04-04,0.5
1130,2014-04-07,0.5
1131,2014-04-08,0.8586648636394076
1132,2014-04-09,0.5
1133,2014-04-10,0.0013347864151000977
1134,2014-04-11,0.5
1135,2014-04-14,0.013438127934932709
1136,2014-04-15,0.5
1137,2014-04-16,0.5
1138,2014-04-17,0.5
1139,2014-04-18,0.5
1140,2014-04-21,0.5
1141,2014-04-22,0.5
1142,2014-04-23,0.5
1143,2014-04-24,0.5
1144,2014-04-25,0.5
1145,2014-04-28,0.5
1146,2014-04-29,0.5
1147,2014-04-30,0.5
1148,2014-05-01,0.5
1149,2014-05-02,0.004633307456970215
1150,2014-05-05,0.5
1151,2014-05-06,0.5
1152,2014-05-07,0.15116608142852783
1153,2014-05-08,0.5
1154,2014-05-09,0.5
1155,2014-05-12,0.5
1156,2014-05-13,0.5
1157,2014-05-14,0.5
1158,2014-05-15,0.428659588098526
1159,2014-05-16,0.0015009641647338867
1160,2014-05-19,0.5
1161,2014-05-20,0.018594284852345783
1162,2014-05-21,0.5
1163,2014-05-22,0.5
1164,2014-05-23,0.5
1165,2014-05-27,0.5
1166,2014-05-28,0.3351193865140279
1167,2014-05-29,0.5
1168,2014-05-30,0.5
1169,2014-06-02,0.5
1170,2014-06-03,0.5
1171,2014-06-04,0.8676352500915527
1172,2014-06-05,0.5
1173,2014-06-06,0.5
1174,2014-06-09,0.5
1175,2014-06-10,0.49598437547683716
1176,2014-06-11,0.5
1177,2014-06-12,0.7331598997116089
1178,2014-06-13,0.0925633708635966
1179,2014-06-16,0.11841621994972229
1180,2014-06-17,0.9996684789657593
1181,2014-06-18,0.005633145570755005
1182,2014-06-19,0.020156959692637127
1183,2014-06-20,0.5
1184,2014-06-23,0.5
1185,2014-06-24,0.5
1186,2014-06-25,0.5
1187,2014-06-26,0.24837622046470642
1188,2014-06-27,0.36305832862854004
1189,2014-06-30,0.5
1190,2014-07-01,0.0024303793907165527
1191,2014-07-02,0.5
1192,2014-07-03,0.20213619470596314
1193,2014-07-07,0.5
1194,2014-07-08,0.07610887289047241
1195,2014-07-09,0.805112361907959
1196,2014-07-10,0.0020484089851379394
1197,2014-07-11,0.0001653432846069336
1198,2014-07-14,0.5
1199,2014-07-15,0.5
1200,2014-07-16,0.5
1201,2014-07-17,0.5
1202,2014-07-18,0.9685524702072144
1203,2014-07-21,0.5
1204,2014-07-22,0.5
1205,2014-07-23,0.9974019527435303
1206,2014-07-24,0.5
1207,2014-07-25,0.18432235717773438
1208,2014-07-28,0.43560999631881714
1209,2014-07-29,0.04736540714899699
1210,2014-07-30,0.5
1211,2014-07-31,0.007924914360046387
1212,2014-08-01,0.5
1213,2014-08-04,0.5
1214,2014-08-05,0.5
1215,2014-08-06,0.5
1216,2014-08-07,0.5
1217,2014-08-08,0.5
1218,2014-08-11,0.5
1219,2014-08-12,0.5
1220,2014-08-13,6.711483001708984e-05
1221,2014-08-14,0.5
1222,2014-08-15,0.5
1223,2014-08-18,0.5
1224,2014-08-19,0.5
1225,2014-08-20,0.00016236305236816406
1226,2014-08-21,0.5
1227,2014-08-22,0.0002689957618713379
1228,2014-08-25,0.00271451473236084
1229,2014-08-26,0.5
1230,2014-08-27,0.002920210361480713
1231,2014-08-28,0.5
1232,2014-08-29,0.5
1233,2014-09-02,0.5
1234,2014-09-03,0.22032058238983154
1235,2014-09-04,0.5
1236,2014-09-05,0.5
1237,2014-09-08,0.5
1238,2014-09-09,0.5
1239,2014-09-10,0.1043885350227356
1240,2014-09-11,0.1198139488697052
1241,2014-09-12,0.5
1242,2014-09-15,0.5
1243,2014-09-16,0.5
1244,2014-09-17,0.33428208033243817
1245,2014-09-18,0.5
1246,2014-09-19,0.5
1247,2014-09-22,0.5
1248,2014-09-23,0.5
1249,2014-09-24,0.5
1250,2014-09-25,0.5
1251,2014-09-26,0.5
1252,2014-09-29,0.5
1253,2014-09-30,0.5
1254,2014-10-01,0.5
1255,2014-10-02,0.5
1256,2014-10-03,0.3081894516944885
1257,2014-10-06,0.5
1258,2014-10-07,0.5
1259,2014-10-08,0.8675283789634705
1260,2014-10-09,0.5
1261,2014-10-10,0.23215779662132263
1262,2014-10-14,0.3865116238594055
1263,2014-10-15,0.2344238974831321
1264,2014-10-16,0.06741338968276978
1265,2014-10-17,0.0049727559089660645
1266,2014-10-20,0.5
1267,2014-10-21,0.5
1268,2014-10-22,0.10971450805664062
1269,2014-10-23,0.0004305243492126465
1270,2014-10-24,0.5
1271,2014-10-27,0.5
1272,2014-10-28,0.018769383430480957
1273,2014-10-29,0.0024302005767822266
1274,2014-10-30,0.5
1275,2014-10-31,0.5
1276,2014-11-03,0.5
1277,2014-11-04,0.5
1278,2014-11-05,0.5
1279,2014-11-06,0.5
1280,2014-11-07,0.9980972409248352
1281,2014-11-10,0.5
1282,2014-11-12,0.5
1283,2014-11-13,0.0001811385154724121
1284,2014-11-14,0.5
1285,2014-11-17,0.5
1286,2014-11-18,0.5
1287,2014-11-19,0.5
1288,2014-11-20,0.5
1289,2014-11-21,0.5
1290,2014-11-24,0.5
1291,2014-11-25,0.5
1292,2014-11-26,0.5
1293,2014-11-28,0.5
1294,2014-12-01,0.5
1295,2014-12-02,0.5
1296,2014-12-03,0.194868803024292
1297,2014-12-04,0.5
1298,2014-12-05,0.5
1299,2014-12-08,0.5
1300,2014-12-09,0.5
1301,2014-12-10,0.5
1302,2014-12-11,0.03130298852920532
1303,2014-12-12,0.5
1304,2014-12-15,0.5
1305,2014-12-16,0.021550476551055908
1306,2014-12-17,0.5
1307,2014-12-18,0.5
1308,2014-12-19,0.5
1309,2014-12-22,0.5
1310,2014-12-23,0.5
1311,2014-12-24,0.5
1312,2014-12-26,0.5
1313,2014-12-29,0.5
1314,2014-12-30,0.5
1315,2014-12-31,0.5
1316,2015-01-02,0.5
1317,2015-01-05,0.09992551803588867
1318,2015-01-06,0.011249721050262451
1319,2015-01-07,0.5
1320,2015-01-08,0.0002314448356628418
1321,2015-01-09,4.172325134277344e-06
1322,2015-01-12,0.026698648929595947
1323,2015-01-13,0.3744744459788005
1324,2015-01-14,0.5
1325,2015-01-15,0.5912173092365265
1326,2015-01-16,0.5
1327,2015-01-20,0.5
1328,2015-01-21,0.5
1329,2015-01-22,0.33770183722178143
1330,2015-01-23,0.0003123283386230469
1331,2015-01-26,0.5
1332,2015-01-27,0.5
1333,2015-01-28,0.5
1334,2015-01-29,0.5
1335,2015-01-30,0.5
1336,2015-02-02,0.5
1337,2015-02-03,0.8759066462516785
1338,2015-02-04,0.5
1339,2015-02-05,0.5
1340,2015-02-06,0.5
1341,2015-02-09,0.007807910442352295
1342,2015-02-10,0.5
1343,2015-02-11,0.5
1344,2015-02-12,0.5
1345,2015-02-13,0.5
1346,2015-02-17,0.5
1347,2015-02-18,0.0003878474235534668
1348,2015-02-19,0.5
1349,2015-02-20,0.5
1350,2015-02-23,0.5
1351,2015-02-24,9.179115295410156e-06
1352,2015-02-25,0.5
1353,2015-02-26,0.5
1354,2015-02-27,0.5
1355,2015-03-02,0.02368849515914917
1356,2015-03-03,0.5
1357,2015-03-04,0.1601964235305786
1358,2015-03-05,0.5
1359,2015-03-06,0.5
1360,2015-03-09,0.05988168716430664
1361,2015-03-10,0.10108619928359985
1362,2015-03-11,0.5
1363,2015-03-12,0.5
1364,2015-03-13,0.5
1365,2015-03-16,0.5
1366,2015-03-17,0.5
1367,2015-03-18,0.5
1368,2015-03-19,0.5
1369,2015-03-20,0.5
1370,2015-03-23,0.5
1371,2015-03-24,0.9881516098976135
1372,2015-03-25,0.021071791648864746
1373,2015-03-26,5.328655242919922e-05
1374,2015-03-27,0.5
1375,2015-03-30,0.5
1376,2015-03-31,0.5
1377,2015-04-01,0.5
1378,2015-04-02,0.5
1379,2015-04-03,0.5
1380,2015-04-06,0.0015642344951629639
1381,2015-04-07,0.47446393966674805
1382,2015-04-08,0.5
1383,2015-04-09,0.0009262561798095703
1384,2015-04-10,0.5
1385,2015-04-13,0.5
1386,2015-04-14,0.5
1387,2015-04-15,0.9810040593147278
1388,2015-04-16,0.5
1389,2015-04-17,0.5
1390,2015-04-20,0.5
1391,2015-04-21,0.5
1392,2015-04-22,0.5
1393,2015-04-23,0.5
1394,2015-04-24,0.5
1395,2015-04-27,0.5
1396,2015-04-28,0.5
1397,2015-04-29,0.09633967280387878
1398,2015-04-30,0.056217044591903687
1399,2015-05-01,0.5
1400,2015-05-04,0.5
1401,2015-05-05,0.2379826307296753
1402,2015-05-06,0.5
1403,2015-05-07,0.9741168022155762
1404,2015-05-08,0.5
1405,2015-05-11,0.5
1406,2015-05-12,0.00042170286178588867
1407,2015-05-13,0.5
1408,2015-05-14,0.5
1409,2015-05-15,0.5
1410,2015-05-18,0.002141714096069336
1411,2015-05-19,0.5
1412,2015-05-20,0.5
1413,2015-05-21,0.5
1414,2015-05-22,0.5
1415,2015-05-26,0.5
1416,2015-05-27,0.5
1417,2015-05-28,0.5
1418,2015-05-29,0.5
1419,2015-06-01,0.5
1420,2015-06-02,0.5
1421,2015-06-03,0.5
1422,2015-06-04,0.5
1423,2015-06-05,0.07400059700012207
1424,2015-06-08,0.5
1425,2015-06-09,0.003492414951324463
1426,2015-06-10,0.5
1427,2015-06-11,0.5
1428,2015-06-12,0.5
1429,2015-06-15,0.5
1430,2015-06-16,0.5
1431,2015-06-17,0.5
1432,2015-06-18,0.2830442190170288
1433,2015-06-19,0.5
1434,2015-06-22,0.5
1435,2015-06-23,0.5
1436,2015-06-24,0.5
1437,2015-06-25,0.5
1438,2015-06-26,0.5
1439,2015-06-29,0.008864283561706543
1440,2015-06-30,0.5
1441,2015-07-01,0.9893600940704346
1442,2015-07-02,0.18215614557266235
1443,2015-07-06,0.5
1444,2015-07-07,0.5
1445,2015-07-08,0.01565796136856079
1446,2015-07-09,0.5
1447,2015-07-10,0.9107638597488403
1448,2015-07-13,0.5
1449,2015-07-14,0.03255951404571533
1450,2015-07-15,0.356161892414093
1451,2015-07-16,0.5
1452,2015-07-17,0.5
1453,2015-07-20,0.5
1454,2015-07-21,0.5
1455,2015-07-22,0.5
1456,2015-07-23,0.5
1457,2015-07-24,0.5
1458,2015-07-27,0.5
1459,2015-07-28,0.5
1460,2015-07-29,0.5
1461,2015-07-30,0.03517836332321167
1462,2015-07-31,0.5
1463,2015-08-03,0.5
1464,2015-08-04,0.5
1465,2015-08-05,0.012698769569396973
1466,2015-08-06,0.9996740818023682
1467,2015-08-07,0.0001380443572998047
1468,2015-08-10,0.5
1469,2015-08-11,0.003249049186706543
1470,2015-08-12,0.010634183883666992
1471,2015-08-13,0.5
1472,2015-08-14,0.0015243887901306152
1473,2015-08-17,0.5
1474,2015-08-18,0.5
1475,2015-08-19,0.5
1476,2015-08-20,0.0005942583084106445
1477,2015-08-21,0.5
1478,2015-08-24,0.0859304666519165
1479,2015-08-25,0.5
1480,2015-08-26,0.5
1481,2015-08-27,0.5
1482,2015-08-28,0.5
1483,2015-08-31,0.5
1484,2015-09-01,0.5
1485,2015-09-02,0.5
1486,2015-09-03,0.5
1487,2015-09-04,0.5
1488,2015-09-08,0.5
1489,2015-09-09,0.5
1490,2015-09-10,0.5
1491,2015-09-11,0.5
1492,2015-09-14,0.00801008939743042
1493,2015-09-15,9.512901306152344e-05
1494,2015-09-16,0.5
1495,2015-09-17,0.0019788742065429688
1496,2015-09-18,0.5
1497,2015-09-21,0.5
1498,2015-09-22,0.5
1499,2015-09-23,0.5
1500,2015-09-24,0.5
1501,2015-09-25,0.3994019031524658
1502,2015-09-28,0.5
1503,2015-09-29,0.5
1504,2015-09-30,0.00035762786865234375
1505,2015-10-01,0.007082939147949219
1506,2015-10-02,0.07604137063026428
1507,2015-10-05,0.0003364086151123047
1508,2015-10-06,4.8160552978515625e-05
1509,2015-10-07,0.5
1510,2015-10-08,0.5
1511,2015-10-09,0.159007728099823
1512,2015-10-13,0.5
1513,2015-10-14,0.0027485191822052
1514,2015-10-15,0.009576916694641113
1515,2015-10-16,0.5
1516,2015-10-19,0.5
1517,2015-10-20,0.5
1518,2015-10-21,0.5
1519,2015-10-22,0.005664050579071045
1520,2015-10-23,0.031440794467926025
1521,2015-10-26,0.5
1522,2015-10-27,0.5
1523,2015-10-28,0.5
1524,2015-10-29,0.5
1525,2015-10-30,0.5
1526,2015-11-02,0.5
1527,2015-11-03,0.5
1528,2015-11-04,0.5
1529,2015-11-05,0.5
1530,2015-11-06,0.5
1531,2015-11-09,0.5
1532,2015-11-10,0.5
1533,2015-11-12,0.5
1534,2015-11-13,0.5
1535,2015-11-16,0.5
1536,2015-11-17,0.5
1537,2015-11-18,0.5
1538,2015-11-19,0.5
1539,2015-11-20,0.5
1540,2015-11-23,0.0009954571723937988
1541,2015-11-24,0.5
1542,2015-11-25,0.5
1543,2015-11-27,0.5
1544,2015-11-30,0.5
1545,2015-12-01,0.5
1546,2015-12-02,0.5
1547,2015-12-03,0.00037848949432373047
1548,2015-12-04,0.5
1549,2015-12-07,0.5
1550,2015-12-08,0.5
1551,2015-12-09,0.5
1552,2015-12-10,0.5
1553,2015-12-11,0.5
1554,2015-12-14,0.002712160348892212
1555,2015-12-15,0.5
1556,2015-12-16,0.5
1557,2015-12-17,0.5
1558,2015-12-18,0.00014543533325195312
1559,2015-12-21,0.5
1560,2015-12-22,0.5
1561,2015-12-23,0.5
1562,2015-12-24,0.5
1563,2015-12-28,0.5
1564,2015-12-29,0.926215410232544
1565,2015-12-30,0.5
1566,2015-12-31,0.5
1567,2016-01-04,0.5
1568,2016-01-05,0.5
1569,2016-01-06,0.5
1570,2016-01-07,0.5
1571,2016-01-08,0.5
1572,2016-01-11,0.5
1573,2016-01-12,0.5
1574,2016-01-13,0.0009490847587585449
1575,2016-01-14,0.0008568763732910156
1576,2016-01-15,0.00024884939193725586
1577,2016-01-19,0.5
1578,2016-01-20,0.9997661709785461
1579,2016-01-21,0.5
1580,2016-01-22,0.5
1581,2016-01-25,0.5
1582,2016-01-26,0.5
1583,2016-01-27,0.5
1584,2016-01-28,0.5
1585,2016-01-29,0.5
1586,2016-02-01,0.5
1587,2016-02-02,0.5
1588,2016-02-03,0.18978244066238403
1589,2016-02-04,0.0014197826385498047
1590,2016-02-05,0.5
1591,2016-02-08,0.0014231204986572266
1592,2016-02-09,0.5
1593,2016-02-10,0.5
1594,2016-02-11,0.33092095454533893
1595,2016-02-12,0.5
1596,2016-02-16,0.5
1597,2016-02-17,0.13015121221542358
1598,2016-02-18,0.5
1599,2016-02-19,0.5
1600,2016-02-22,0.5
1601,2016-02-23,0.0055315494537353516
1602,2016-02-24,0.5
1603,2016-02-25,0.07772165536880493
1604,2016-02-26,0.5
1605,2016-02-29,0.5
1606,2016-03-01,0.5
1607,2016-03-02,0.5
1608,2016-03-03,0.0032662153244018555
1609,2016-03-04,0.5
1610,2016-03-07,0.002244293689727783
1611,2016-03-08,0.7686643600463867
1612,2016-03-09,0.5
1613,2016-03-10,0.5
1614,2016-03-11,0.5
1615,2016-03-14,0.01005697250366211
1616,2016-03-15,0.5
1617,2016-03-16,0.5
1618,2016-03-17,0.5
1619,2016-03-18,0.5
1620,2016-03-21,0.5
1621,2016-03-22,0.5
1622,2016-03-23,0.00022333860397338867
1623,2016-03-24,0.5
1624,2016-03-25,0.5
1625,2016-03-28,0.5
1626,2016-03-29,0.5
1627,2016-03-30,0.5
1628,2016-03-31,0.21051651239395142
1629,2016-04-01,0.5
1630,2016-04-04,0.5
1631,2016-04-05,0.5
1632,2016-04-06,0.5
1633,2016-04-07,0.5
1634,2016-04-08,0.5
1635,2016-04-11,0.5
1636,2016-04-12,0.5
1637,2016-04-13,0.5
1638,2016-04-14,0.5
1639,2016-04-15,0.5
1640,2016-04-18,0.023876696825027466
1641,2016-04-19,0.5
1642,2016-04-20,0.5
1643,2016-04-21,0.5
1644,2016-04-22,0.5
1645,2016-04-25,0.5
1646,2016-04-26,0.5
1647,2016-04-27,0.5
1648,2016-04-28,0.5
1649,2016-04-29,0.5
1650,2016-05-02,0.5
1651,2016-05-03,0.5
1652,2016-05-04,0.5
1653,2016-05-05,0.5
1654,2016-05-06,0.5
1655,2016-05-09,0.003795325756072998
1656,2016-05-10,0.5
1657,2016-05-11,0.5
1658,2016-05-12,0.5
1659,2016-05-13,0.5
1660,2016-05-16,0.5
1661,2016-05-17,0.5
1662,2016-05-18,0.5
1663,2016-05-19,0.5
1664,2016-05-20,0.5
1665,2016-05-23,0.5
1666,2016-05-24,0.5
1667,2016-05-25,0.5
1668,2016-05-26,0.5
1669,2016-05-27,0.5
1670,2016-05-31,0.5
1671,2016-06-01,0.5
1672,2016-06-02,0.5
1673,2016-06-03,0.9957659244537354
1674,2016-06-06,0.5
1675,2016-06-07,0.015620291233062744
1676,2016-06-08,0.5
1677,2016-06-09,0.6626152197519938
1678,2016-06-10,0.5
1679,2016-06-13,0.9217763543128967
1680,2016-06-14,0.9739752411842346
1681,2016-06-15,0.5
1682,2016-06-16,0.5
1683,2016-06-17,0.5
1684,2016-06-20,0.5
1685,2016-06-21,0.02162247896194458
1686,2016-06-22,0.5
1687,2016-06-23,0.01018574833869934
1688,2016-06-24,0.8798954486846924
1689,2016-06-27,0.5
1690,2016-06-28,0.015114267667134603
1691,2016-06-29,0.5
1692,2016-06-30,0.5
1693,2016-07-01,0.01518625020980835
1694,2016-07-05,0.00038111209869384766
1695,2016-07-06,0.0025727649529774985
1696,2016-07-07,0.2915642261505127
1697,2016-07-08,0.5
1698,2016-07-11,0.2747740149497986
1699,2016-07-12,0.18581397831439972
1700,2016-07-13,0.00038444995880126953
1701,2016-07-14,0.5
1702,2016-07-15,0.5
1703,2016-07-18,0.5
1704,2016-07-19,0.5
1705,2016-07-20,0.008777141571044922
1706,2016-07-21,0.5
1707,2016-07-22,0.5
1708,2016-07-25,0.5
1709,2016-07-26,0.5
1710,2016-07-27,0.5
1711,2016-07-28,0.5
1712,2016-07-29,0.5
1713,2016-08-01,0.5
1714,2016-08-02,0.013224422931671143
1715,2016-08-03,0.5
1716,2016-08-04,0.5
1717,2016-08-05,0.5
1718,2016-08-08,0.0004127025604248047
1719,2016-08-09,0.004725411534309387
1720,2016-08-10,0.0034342706203460693
1721,2016-08-11,0.5
1722,2016-08-12,0.5
1723,2016-08-15,0.0021677613258361816
1724,2016-08-16,0.5
1725,2016-08-17,0.5
1726,2016-08-18,0.5
1727,2016-08-19,0.5
1728,2016-08-22,0.5
1729,2016-08-23,0.013814061880111694
1730,2016-08-24,0.5
1731,2016-08-25,0.5
1732,2016-08-26,0.5
1733,2016-08-29,0.21569520235061646
1734,2016-08-30,0.5
1735,2016-08-31,0.5
1736,2016-09-01,0.5
1737,2016-09-02,0.5
1738,2016-09-06,0.5
1739,2016-09-07,0.8777436017990112
1740,2016-09-08,0.8865545988082886
1741,2016-09-09,0.5
1742,2016-09-12,0.1502642035484314
1743,2016-09-13,0.027234435081481934
1744,2016-09-14,0.5
1745,2016-09-15,0.5
1746,2016-09-16,0.0019933581352233887
1747,2016-09-19,0.5
1748,2016-09-20,0.00022226572036743164
1749,2016-09-21,0.5
1750,2016-09-22,0.5
1751,2016-09-23,0.5
1752,2016-09-26,0.5
1753,2016-09-27,0.5
1754,2016-09-28,0.5
1755,2016-09-29,0.5
1756,2016-09-30,0.5
1757,2016-10-03,0.5
1758,2016-10-04,0.0024959444999694824
1759,2016-10-05,0.0022101402282714844
1760,2016-10-06,0.0024265646934509277
1761,2016-10-07,0.5
1762,2016-10-11,0.4501025378704071
1763,2016-10-12,0.004288911819458008
1764,2016-10-13,0.5762562155723572
1765,2016-10-14,0.10309308767318726
1766,2016-10-17,9.083747863769531e-05
1767,2016-10-18,0.5
1768,2016-10-19,0.9894300699234009
1769,2016-10-20,0.5
1770,2016-10-21,0.5
1771,2016-10-24,0.5
1772,2016-10-25,0.0004076361656188965
1773,2016-10-26,0.5
1774,2016-10-27,0.3249083360036214
1775,2016-10-28,0.5
1776,2016-10-31,0.5
1777,2016-11-01,0.05263376235961914
1778,2016-11-02,0.5
1779,2016-11-03,0.5
1780,2016-11-04,0.5
1781,2016-11-07,0.5
1782,2016-11-08,0.5
1783,2016-11-09,0.5511192083358765
1784,2016-11-10,0.013443827629089355
1785,2016-11-14,0.4892047345638275
1786,2016-11-15,0.999442994594574
1787,2016-11-16,0.2543412148952484
1788,2016-11-17,0.02526038885116577
1789,2016-11-18,0.011165156960487366
1790,2016-11-21,0.5
1791,2016-11-22,0.06709718704223633
1792,2016-11-23,0.250941202044487
1793,2016-11-25,0.0034971038500467935
1794,2016-11-28,0.0007982850074768066
1795,2016-11-29,0.768035888671875
1796,2016-11-30,0.7320298552513123
1797,2016-12-01,0.9572139382362366
1798,2016-12-02,0.5
1799,2016-12-05,0.5
1800,2016-12-06,0.2712478041648865
1801,2016-12-07,0.8845899701118469
1802,2016-12-08,0.006908059120178223
1803,2016-12-09,0.5
1804,2016-12-12,0.2927368368421282
1805,2016-12-13,0.21775725483894348
1806,2016-12-14,0.5
1807,2016-12-15,0.928311824798584
1808,2016-12-16,0.9743629097938538
1809,2016-12-19,0.40300452709198
1810,2016-12-20,0.05209624767303467
1811,2016-12-21,0.0003052155176798503
1812,2016-12-22,0.5
1813,2016-12-23,0.5
1814,2016-12-27,2.6226043701171875e-05
1815,2016-12-28,0.5
1816,2016-12-29,0.9732694029808044
1817,2016-12-30,0.5
1818,2017-01-03,0.9992398023605347
1819,2017-01-04,0.045824289321899414
1820,2017-01-05,0.36353479822476703
1821,2017-01-06,0.5
1822,2017-01-09,9.691715240478516e-05
1823,2017-01-10,0.5
1824,2017-01-11,0.550724724928538
1825,2017-01-12,0.5
1826,2017-01-13,1.5139579772949219e-05
1827,2017-01-17,0.16290035843849182
1828,2017-01-18,0.4994374215602875
1829,2017-01-19,0.0005449950695037842
1830,2017-01-20,0.5
1831,2017-01-23,0.5856299102306366
1832,2017-01-24,0.9882583618164062
1833,2017-01-25,0.34969361623128253
1834,2017-01-26,0.5
1835,2017-01-27,0.5
1836,2017-01-30,0.0010022222995758057
1837,2017-01-31,0.006431639194488525
1838,2017-02-01,0.5
1839,2017-02-02,0.5
1840,2017-02-03,0.004412174224853516
1841,2017-02-06,0.0035779476165771484
1842,2017-02-07,0.5
1843,2017-02-08,0.006593376398086548
1844,2017-02-09,0.9781272411346436
1845,2017-02-10,0.5
1846,2017-02-13,0.00034165382385253906
1847,2017-02-14,0.5637834668159485
1848,2017-02-15,0.5
1849,2017-02-16,0.9958689212799072
1850,2017-02-17,0.5
1851,2017-02-21,0.9916127324104309
1852,2017-02-22,0.041857510805130005
1853,2017-02-23,0.544852077960968
1854,2017-02-24,0.5
1855,2017-02-27,0.2084511915842692
1856,2017-02-28,0.019369184970855713
1857,2017-03-01,0.5
1858,2017-03-02,0.23366771638393402
1859,2017-03-03,0.4251944091584947
1860,2017-03-06,0.00010275840759277344
1861,2017-03-07,0.05818613370259603
1862,2017-03-08,0.5
1863,2017-03-09,0.34929464260737103
1864,2017-03-10,0.08721739053726196
1865,2017-03-13,0.49132941166559857
1866,2017-03-14,0.6427335292100906
1867,2017-03-15,0.3778749874659947
1868,2017-03-16,0.5
1869,2017-03-17,0.5
1870,2017-03-20,0.18928366899490356
1871,2017-03-21,0.0001138448715209961
1872,2017-03-22,0.5958457390467325
1873,2017-03-23,0.5
1874,2017-03-24,0.6310605406761169
1875,2017-03-27,0.4955320656299591
1876,2017-03-28,0.5
1877,2017-03-29,0.9316607117652893
1878,2017-03-30,0.9992865920066833
1879,2017-03-31,0.4558733403682709
1880,2017-04-03,0.1147573987642924
1881,2017-04-04,0.18483823537826538
1882,2017-04-05,0.33380146159066093
1883,2017-04-06,0.15707237720489503
1884,2017-04-07,0.23157205581665039
1885,2017-04-10,0.5585303008556366
1886,2017-04-11,0.27803371101617813
1887,2017-04-12,0.5087273802076068
1888,2017-04-13,0.21116683880488077
1889,2017-04-14,0.5
1890,2017-04-17,0.5899684429168701
1891,2017-04-18,0.13187921047210693
1892,2017-04-19,0.5710423588752747
1893,2017-04-20,0.5826919972896576
1894,2017-04-21,0.6850760281085968
1895,2017-04-24,0.021625638008117676
1896,2017-04-25,0.03533785045146942
1897,2017-04-26,0.07722324132919312
1898,2017-04-27,0.17964059114456177
1899,2017-04-28,3.135204315185547e-05
1900,2017-05-01,0.007191658020019531
1901,2017-05-02,0.25829480091730755
1902,2017-05-03,0.3568079074223836
1903,2017-05-04,0.581561803817749
1904,2017-05-05,0.4799286723136902
1905,2017-05-08,0.47860851883888245
1906,2017-05-09,0.4469776153564453
1907,2017-05-10,0.8692609965801239
1908,2017-05-11,0.0006744861602783203
1909,2017-05-12,0.20712698996067047
1910,2017-05-15,0.5129001140594482
1911,2017-05-16,0.0015676021575927734
1912,2017-05-17,0.19272345304489136
1913,2017-05-18,0.371705150604248
1914,2017-05-19,0.4130219519138336
1915,2017-05-22,0.0024851560592651367
1916,2017-05-23,0.4556392927964528
1917,2017-05-24,0.055501838525136314
1918,2017-05-25,0.5
1919,2017-05-26,0.5795085628827413
1920,2017-05-30,0.46818654239177704
1921,2017-05-31,0.9618978500366211
1922,2017-06-01,0.5762934883435568
1923,2017-06-02,0.36496084928512573
1924,2017-06-05,0.6812362521886826
1925,2017-06-06,0.017235755920410156
1926,2017-06-07,0.26452532410621643
1927,2017-06-08,0.002692699432373047
1928,2017-06-09,2.7179718017578125e-05
1929,2017-06-12,0.011848151683807373
1930,2017-06-13,0.05001121759414673
1931,2017-06-14,0.5365466594696044
1932,2017-06-15,0.2945750157038371
1933,2017-06-16,0.648600721359253
1934,2017-06-19,0.045066654682159424
1935,2017-06-20,0.5
1936,2017-06-21,0.00133514404296875
1937,2017-06-22,0.0005812644958496094
1938,2017-06-23,0.3745276927947998
1939,2017-06-26,0.44652384519577026
1940,2017-06-27,0.10764122009277344
1941,2017-06-28,0.5
1942,2017-06-29,0.5
1943,2017-06-30,0.5
1944,2017-07-03,0.3401115834712982
1945,2017-07-05,0.2844538688659668
1946,2017-07-06,0.8862788875897726
1947,2017-07-07,0.5
1948,2017-07-10,0.4883638322353363
1949,2017-07-11,0.6942623257637024
1950,2017-07-12,0.2391452193260193
1951,2017-07-13,0.49922260642051697
1952,2017-07-14,2.6702880859375e-05
1953,2017-07-17,0.2700982093811035
1954,2017-07-18,0.30885114272435504
1955,2017-07-19,0.7568437606096268
1956,2017-07-20,0.25405843257904054
1957,2017-07-21,6.318092346191406e-06
1958,2017-07-24,0.9083810746669769
1959,2017-07-25,0.4346925914287567
1960,2017-07-26,0.9923090934753418
1961,2017-07-27,0.5
1962,2017-07-28,0.5
1963,2017-07-31,0.004788696765899658
1964,2017-08-01,8.177757263183594e-05
1965,2017-08-02,0.35133951902389526
1966,2017-08-03,0.28944607575734455
1967,2017-08-04,0.5
1968,2017-08-07,0.38397523760795593
1969,2017-08-08,0.005297362804412842
1970,2017-08-09,0.6639704902966818
1971,2017-08-10,0.029946557113102505
1972,2017-08-11,0.0011712610721588135
1973,2017-08-14,0.5
1974,2017-08-15,0.3018068273862203
1975,2017-08-16,0.5461878379185995
1976,2017-08-17,0.33454620838165283
1977,2017-08-18,0.5059919953346252
1978,2017-08-21,0.008102715015411377
1979,2017-08-22,0.006352841854095459
1980,2017-08-23,0.6260127425193787
1981,2017-08-24,0.0015580058097839355
1982,2017-08-25,0.00035881996154785156
1983,2017-08-28,0.13914203643798828
1984,2017-08-29,0.9996204376220703
1985,2017-08-30,0.8814613322416941
1986,2017-08-31,0.0001322031021118164
1987,2017-09-01,0.33179324865341187
1988,2017-09-05,0.2063809633255005
1989,2017-09-06,0.2814510464668274
1990,2017-09-07,0.4779885510603587
1991,2017-09-08,0.5
1992,2017-09-11,0.20723360776901245
1993,2017-09-12,0.10618561506271362
1994,2017-09-13,0.5480226874351501
1995,2017-09-14,0.0029425621032714844
1996,2017-09-15,0.7017537355422974
1997,2017-09-18,0.04773374398549398
1998,2017-09-19,0.5683233936627706
1999,2017-09-20,0.5181380907694498
2000,2017-09-21,0.33294181029001874
2001,2017-09-22,0.8514712452888489
2002,2017-09-25,0.5641115784645081
2003,2017-09-26,0.49823668599128723
2004,2017-09-27,0.18196368217468262
2005,2017-09-28,0.0013628005981445312
2006,2017-09-29,0.004930754502614339
2007,2017-10-02,0.019004424413045246
2008,2017-10-03,0.5
2009,2017-10-04,0.38962655067443847
2010,2017-10-05,0.6601536273956299
2011,2017-10-06,0.1533728539943695
2012,2017-10-10,0.10286766290664673
2013,2017-10-11,0.00023096799850463867
2014,2017-10-12,0.7023770411809286
2015,2017-10-13,0.5632676283518473
2016,2017-10-16,0.2336169958114624
2017,2017-10-17,0.3916553735733032
2018,2017-10-18,0.9410394906997681
2019,2017-10-19,0.3315194646517436
2020,2017-10-20,0.00399702787399292
2021,2017-10-23,0.2830600142478943
2022,2017-10-24,0.29100450602444733
2023,2017-10-25,0.9750878810882568
2024,2017-10-26,0.004356101155281067
2025,2017-10-27,0.3152097860972087
2026,2017-10-30,0.5
2027,2017-10-31,0.5
2028,2017-11-01,0.9715117812156677
2029,2017-11-02,0.002551396687825521
2030,2017-11-03,0.5024629533290863
2031,2017-11-06,0.201806902885437
2032,2017-11-07,0.0005688071250915527
2033,2017-11-08,0.49870535731315613
2034,2017-11-09,0.0039055347442626953
2035,2017-11-13,0.5
2036,2017-11-14,0.0005574822425842285
2037,2017-11-15,0.5
2038,2017-11-16,0.003359287977218628
2039,2017-11-17,0.8166108557156154
2040,2017-11-20,0.5
2041,2017-11-21,0.026982486248016357
2042,2017-11-22,0.00707167387008667
2043,2017-11-24,0.5
2044,2017-11-27,0.10586706399917603
2045,2017-11-28,0.7681763172149658
2046,2017-11-29,0.5
2047,2017-11-30,0.00707167387008667
2048,2017-12-01,0.0011168718338012695
2049,2017-12-04,0.9938702583312988
2050,2017-12-05,0.9994805455207825
2051,2017-12-06,0.0009843111038208008
2052,2017-12-07,0.5
2053,2017-12-08,0.5
2054,2017-12-11,0.9666601419448853
2055,2017-12-12,0.24574851989746094
2056,2017-12-13,0.15045573314030966
2057,2017-12-14,0.3095599412918091
2058,2017-12-15,0.00010290741920471191
2059,2017-12-18,0.5
2060,2017-12-19,0.6438215374946594
2061,2017-12-20,0.19086219867070517
2062,2017-12-21,0.0043811798095703125
2063,2017-12-22,0.4862162470817566
2064,2017-12-26,0.5
2065,2017-12-27,0.0001277923583984375
2066,2017-12-28,0.004353046417236328
2067,2017-12-29,0.8812409043312073
2068,2018-01-02,0.613089919090271
2069,2018-01-03,0.613089919090271
2070,2018-01-04,0.41924431920051575
2071,2018-01-05,0.06972702344258626
2072,2018-01-08,0.4834688603878021
2073,2018-01-09,0.7991124391555786
2074,2018-01-10,0.29040596314838957
2075,2018-01-11,0.34619293610254925
2076,2018-01-12,0.5
2077,2018-01-16,0.8923358718554179
2078,2018-01-17,0.8860882520675659
2079,2018-01-18,0.5502251863479615
2080,2018-01-19,0.47456517484452987
2081,2018-01-22,0.6802963217099508
2082,2018-01-23,0.5763598084449768
2083,2018-01-24,0.8894087225198746
2084,2018-01-25,0.6383313834667206
2085,2018-01-26,0.29889678955078125
2086,2018-01-29,0.38732906750270296
2087,2018-01-30,0.1747736930847168
2088,2018-01-31,0.275911009311676
2089,2018-02-01,0.6426245470841726
2090,2018-02-02,0.33573357462882997
2091,2018-02-05,0.3610351031476801
2092,2018-02-06,0.20666778749889797
2093,2018-02-07,0.05937546491622925
2094,2018-02-08,0.21452230215072632
2095,2018-02-09,0.18822981119155885
2096,2018-02-12,0.18054929375648499
2097,2018-02-13,0.057972922921180725
2098,2018-02-14,0.27196965898786274
2099,2018-02-15,0.41690969467163086
2100,2018-02-16,0.42622382442156476
2101,2018-02-20,0.4945823550224304
2102,2018-02-21,0.47508290741178727
2103,2018-02-22,0.2794715538620949
2104,2018-02-23,0.13468884229660033
2105,2018-02-26,0.49721011945179533
2106,2018-02-27,0.254508097966512
2107,2018-02-28,0.22528005639712015
2108,2018-03-01,0.023199737071990967
2109,2018-03-02,0.42633212357759476
2110,2018-03-05,0.4508405178785324
2111,2018-03-06,0.2858465115229289
2112,2018-03-07,0.2861569438661848
2113,2018-03-08,0.19767178297042848
2114,2018-03-09,0.20340713262557983
2115,2018-03-12,0.01698283354441325
2116,2018-03-13,0.3710068398051792
2117,2018-03-14,0.3398864229520162
2118,2018-03-15,0.3518262207508087
2119,2018-03-16,0.48953733273914884
2120,2018-03-19,0.05010026693344116
2121,2018-03-20,0.30227768421173096
2122,2018-03-21,0.3777229070663452
2123,2018-03-22,0.12043998837471008
2124,2018-03-23,0.3348944674838673
2125,2018-03-26,0.24761852622032166
2126,2018-03-27,0.19466731223193082
2127,2018-03-28,0.2561724836176092
2128,2018-03-29,0.1226207176844279
2129,2018-03-30,9.441375732421875e-05
2130,2018-04-02,0.1131029725074768
2131,2018-04-03,0.21103695034980774
2132,2018-04-04,0.26532657006207633
2133,2018-04-05,0.00653529167175293
2134,2018-04-06,0.17448464632034302
2135,2018-04-09,0.5
2136,2018-04-10,0.26033206582069396
2137,2018-04-11,0.27371973792711896
2138,2018-04-12,0.3290453180670738
2139,2018-04-13,0.25226017087697983
2140,2018-04-16,0.437422880759606
2141,2018-04-17,0.39762111621744495
2142,2018-04-18,0.347049355506897
2143,2018-04-19,0.28406099081039426
2144,2018-04-20,0.29749682545661926
2145,2018-04-23,0.1981818757273934
2146,2018-04-24,0.4208177068959112
2147,2018-04-25,0.37533323764801024
2148,2018-04-26,0.18127633333206178
2149,2018-04-27,0.17965958019097647
2150,2018-04-30,0.14640781709126063
2151,2018-05-01,0.07278972864151001
2152,2018-05-02,0.46435470764453596
2153,2018-05-03,0.1637356768954884
2154,2018-05-04,0.22185281664133072
2155,2018-05-07,0.3303233782450358
2156,2018-05-08,0.4818246364593506
2157,2018-05-09,0.4104846011508595
2158,2018-05-10,0.02207883447408676
2159,2018-05-11,0.31211547255516053
2160,2018-05-14,0.3270439761025565
2161,2018-05-15,0.3900121654334821
2162,2018-05-16,0.41335738316560405
2163,2018-05-17,0.1590336928000817
2164,2018-05-18,0.4529891279008653
2165,2018-05-21,0.037960147857666014
2166,2018-05-22,0.05530444780985514
2167,2018-05-23,0.29746221254269284
2168,2018-05-24,0.28365542987982434
2169,2018-05-25,0.2280510663986206
2170,2018-05-29,0.5172356499565972
2171,2018-05-30,0.27870890498161316
2172,2018-05-31,0.2684733271598816
2173,2018-06-01,0.3494083947605557
2174,2018-06-04,0.5
2175,2018-06-05,0.4893620279100206
2176,2018-06-06,0.21239693462848663
2177,2018-06-07,0.09088446199893951
2178,2018-06-08,0.4012647933430142
2179,2018-06-11,0.9956759810447693
2180,2018-06-12,0.5520911514759064
2181,2018-06-13,0.3539168050414638
2182,2018-06-14,0.2609444558620453
2183,2018-06-15,0.25306870681898935
2184,2018-06-18,0.5
2185,2018-06-19,0.43251562118530273
2186,2018-06-20,0.2646407067775726
2187,2018-06-21,0.024123350779215496
2188,2018-06-22,0.4301123470067978
2189,2018-06-25,0.5500865936279297
2190,2018-06-26,0.16441431641578674
2191,2018-06-27,0.4411989558826793
2192,2018-06-28,0.12620817124843597
2193,2018-06-29,0.27930623292922974
2194,2018-07-02,0.5
2195,2018-07-03,0.2929039001464844
2196,2018-07-05,0.209303118288517
2197,2018-07-06,0.19227418899536133
2198,2018-07-09,0.08531931042671204
2199,2018-07-10,0.18882442712783815
2200,2018-07-11,0.30644815076481213
2201,2018-07-12,0.24917926639318466
2202,2018-07-13,0.12045349677403767
2203,2018-07-16,0.6254290721633218
2204,2018-07-17,0.4112246888024466
2205,2018-07-18,0.01587336262067159
2206,2018-07-19,0.049796849489212036
2207,2018-07-20,0.24078583717346191
2208,2018-07-23,0.24090170860290527
2209,2018-07-24,0.2675979733467102
2210,2018-07-25,0.12129036337137222
2211,2018-07-26,0.016398847103118896
2212,2018-07-27,0.4422213037808736
2213,2018-07-30,0.24664918581644693
2214,2018-07-31,0.2834661702315013
2215,2018-08-01,0.5111408318792071
2216,2018-08-02,0.07164257764816284
2217,2018-08-03,0.3072677387131585
2218,2018-08-06,0.03151795268058777
2219,2018-08-07,0.17088502645492554
2220,2018-08-08,0.2304919617516654
2221,2018-08-09,0.18377575874328614
2222,2018-08-10,0.2520619955929843
2223,2018-08-13,0.3661487301190694
2224,2018-08-14,0.44647703170776365
2225,2018-08-15,0.36738650128245354
2226,2018-08-16,0.34349255670200696
2227,2018-08-17,0.43134150334766935
2228,2018-08-20,0.49493348598480225
2229,2018-08-21,0.5992568929990133
2230,2018-08-22,0.14928142590956253
2231,2018-08-23,0.3429567217826843
2232,2018-08-24,0.38844900471823557
2233,2018-08-27,0.3602648278077443
2234,2018-08-28,0.2098984718322754
2235,2018-08-29,0.3459139083112989
2236,2018-08-30,0.29761940240859985
2237,2018-08-31,0.40595389405886334
2238,2018-09-04,0.17743454376856485
2239,2018-09-05,0.2282390296459198
2240,2018-09-06,0.16808969154953957
2241,2018-09-07,0.43282004197438556
2242,2018-09-10,0.2624787390232086
2243,2018-09-11,0.28433001041412354
2244,2018-09-12,0.2815615137418111
2245,2018-09-13,0.16006328804152353
2246,2018-09-14,0.22988147536913553
2247,2018-09-17,0.15624610582987467
2248,2018-09-18,0.43534725052969797
2249,2018-09-19,0.29637836085425484
2250,2018-09-20,0.19881226335253036
2251,2018-09-21,0.4366382089528171
2252,2018-09-24,0.10736266771952312
2253,2018-09-25,0.44239723682403564
2254,2018-09-26,0.4066714781981248
2255,2018-09-27,0.19023056541170394
2256,2018-09-28,0.3560534119606018
2257,2018-10-01,0.33476799726486206
2258,2018-10-02,0.09002643823623657
2259,2018-10-03,0.35977701259695966
2260,2018-10-04,0.25907924382582953
2261,2018-10-05,0.4189257671435674
2262,2018-10-09,0.13622042962482997
2263,2018-10-10,0.21866681746074132
2264,2018-10-11,0.12031657497088115
2265,2018-10-12,0.25213534832000734
2266,2018-10-15,0.4627358184920417
2267,2018-10-16,0.30619800090789795
2268,2018-10-17,0.26735227306683856
2269,2018-10-18,0.054901434315575495
2270,2018-10-19,0.38509886264801024
2271,2018-10-22,0.0003205537796020508
2272,2018-10-23,0.20702545983450754
2273,2018-10-24,0.06380107998847961
2274,2018-10-25,0.24130266053336008
2275,2018-10-26,0.2827434500058492
2276,2018-10-29,0.718287467956543
2277,2018-10-30,0.21077851951122284
2278,2018-10-31,0.3484900991121928
2279,2018-11-01,0.00787663459777832
2280,2018-11-02,0.18479536260877336
2281,2018-11-05,0.34283675750096637
2282,2018-11-06,0.2103895346323649
2283,2018-11-07,0.1536797285079956
2284,2018-11-08,0.17500758171081543
2285,2018-11-09,0.1795094907283783
2286,2018-11-13,0.12179464101791382
2287,2018-11-14,0.37228656898845325
2288,2018-11-15,0.25428530148097445
2289,2018-11-16,0.22639819979667664
2290,2018-11-19,0.4527880847454071
2291,2018-11-20,0.29624379277229307
2292,2018-11-21,0.20193680336600855
2293,2018-11-23,0.13081244911466325
2294,2018-11-26,5.2928924560546875e-05
2295,2018-11-27,0.20189827680587769
2296,2018-11-28,0.39073687394460044
2297,2018-11-29,0.04147966418947492
2298,2018-11-30,0.39619189500808716
2299,2018-12-03,0.2839662300215827
2300,2018-12-04,0.22464723672185624
2301,2018-12-05,0.28415584564208984
2302,2018-12-06,0.15530072152614594
2303,2018-12-07,0.15356990694999695
2304,2018-12-10,0.15034095730100358
2305,2018-12-11,0.3435436487197876
2306,2018-12-12,0.4205676515897115
2307,2018-12-13,0.04485178656048245
2308,2018-12-14,0.4597567686667809
2309,2018-12-17,0.46904148658116657
2310,2018-12-18,0.6675871142319271
2311,2018-12-19,0.3708338358185508
2312,2018-12-20,0.14471920047487533
2313,2018-12-21,0.188947788306645
2314,2018-12-24,0.5
2315,2018-12-26,0.9685972332954407
2316,2018-12-27,0.16559986935721505
2317,2018-12-28,0.2003914788365364
2318,2018-12-31,0.009880274534225464
2319,2019-01-02,0.0013556679089864094
2320,2019-01-03,0.43468655943870543
2321,2019-01-04,0.35782892563763785
2322,2019-01-07,1.9550323486328125e-05
2323,2019-01-08,0.339391827583313
2324,2019-01-09,0.2470885846349928
2325,2019-01-10,0.10707504408700126
2326,2019-01-11,0.4616796043184068
2327,2019-01-14,0.32136911153793335
2328,2019-01-15,0.05416859686374664
2329,2019-01-16,0.34177081286907196
2330,2019-01-17,0.35597366094589233
2331,2019-01-18,0.009861499071121216
2332,2019-01-22,0.004849612712860107
2333,2019-01-23,0.25359731912612915
2334,2019-01-24,0.00016039609909057617
2335,2019-01-25,0.5
2336,2019-01-28,0.3826773166656494
2337,2019-01-29,0.16837631662686667
2338,2019-01-30,0.4771331044343802
2339,2019-01-31,0.20244809809853048
2340,2019-02-01,0.1550448179244995
2341,2019-02-04,0.0023953616619110107
2342,2019-02-05,0.3300815025965373
2343,2019-02-06,0.3499146103858948
2344,2019-02-07,0.00723537802696228
2345,2019-02-08,0.007161056995391846
2346,2019-02-11,0.49071161448955536
2347,2019-02-12,0.4699513912200928
2348,2019-02-13,0.3294670827248517
2349,2019-02-14,0.1699308604001999
2350,2019-02-15,0.41309452407500324
2351,2019-02-19,0.11099708080291748
2352,2019-02-20,0.15712618827819824
2353,2019-02-21,0.16566824913024902
2354,2019-02-22,0.08851459622383118
2355,2019-02-25,0.4009573956330617
2356,2019-02-26,0.3540998233689202
2357,2019-02-27,0.37841638922691345
2358,2019-02-28,0.3720090339581172
2359,2019-03-01,0.42655445138613385
2360,2019-03-04,0.2663874427477519
2361,2019-03-05,0.45418549908532035
2362,2019-03-06,0.41999663412570953
2363,2019-03-07,0.2186078369617462
2364,2019-03-08,0.5005935995202315
2365,2019-03-11,0.7843505442142487
2366,2019-03-12,0.33253240088621777
2367,2019-03-13,0.274631541967392
2368,2019-03-14,0.280313241481781
2369,2019-03-15,0.3857553856713431
2370,2019-03-18,0.5
2371,2019-03-19,0.46966519951820374
2372,2019-03-20,0.18655238339775487
2373,2019-03-21,0.06651165336370468
2374,2019-03-22,0.2290847857793172
2375,2019-03-25,0.3487975001335144
2376,2019-03-26,0.15720495581626892
2377,2019-03-27,0.15343961864709854
2378,2019-03-28,0.12222197226115636
2379,2019-03-29,0.2669537166754405
2380,2019-04-01,0.13923163414001466
2381,2019-04-02,0.40526241064071655
2382,2019-04-03,0.190270341359652
2383,2019-04-04,0.10599210262298583
2384,2019-04-05,0.15388645066155326
2385,2019-04-08,0.49344855546951294
2386,2019-04-09,0.3929938077926636
2387,2019-04-10,0.21080699292096225
2388,2019-04-11,0.17340003119574654
2389,2019-04-12,0.00526052713394165
2390,2019-04-15,0.673056110739708
2391,2019-04-16,0.31586140394210815
2392,2019-04-17,0.09345146020253499
2393,2019-04-18,0.42281634892736164
2394,2019-04-19,0.02475821226835251
2395,2019-04-22,0.3927510678768158
2396,2019-04-23,0.6491703391075134
2397,2019-04-24,0.19499090313911438
2398,2019-04-25,0.01100994348526001
2399,2019-04-26,0.34694126844406126
2400,2019-04-29,0.9886606931686401
2401,2019-04-30,0.6320391595363617
2402,2019-05-01,0.4117066477026258
2403,2019-05-02,0.12175873517990113
2404,2019-05-03,0.16401159763336182
2405,2019-05-06,0.5
2406,2019-05-07,0.4483189284801483
2407,2019-05-08,0.22976920339796278
2408,2019-05-09,0.12553858757019043
2409,2019-05-10,0.15204426646232605
2410,2019-05-13,0.02766720453898112
2411,2019-05-14,0.40153124928474426
2412,2019-05-15,0.2811271861979836
2413,2019-05-16,0.23438974221547446
2414,2019-05-17,0.37815818190574646
2415,2019-05-20,0.18641981482505798
2416,2019-05-21,0.43012094497680664
2417,2019-05-22,0.0470847487449646
2418,2019-05-23,0.20047591328620912
2419,2019-05-24,0.36804264783859253
2420,2019-05-28,0.23156928022702536
2421,2019-05-29,0.06008326013882955
2422,2019-05-30,0.1395507369722639
2423,2019-05-31,0.19760112166404725
2424,2019-06-03,0.11419719457626343
2425,2019-06-04,0.500850091377894
2426,2019-06-05,0.21749556726879543
2427,2019-06-06,0.0036591490109761557
2428,2019-06-07,0.19233937561511993
2429,2019-06-10,0.4992563724517822
2430,2019-06-11,0.5054970860481263
2431,2019-06-12,0.09255104263623555
2432,2019-06-13,0.15084484815597535
2433,2019-06-14,0.3156585842370987
2434,2019-06-17,0.21701139211654663
2435,2019-06-18,0.3644614815711975
2436,2019-06-19,0.041073405742645265
2437,2019-06-20,0.2258208692073822
2438,2019-06-21,0.025668084621429443
2439,2019-06-24,0.4972337931394577
2440,2019-06-25,0.5792498886585236
2441,2019-06-26,0.007906615734100342
2442,2019-06-27,0.10303974151611328
2443,2019-06-28,0.5
2444,2019-07-01,0.00019174814224243164
2445,2019-07-02,0.45506651699543
2446,2019-07-03,0.15696279569105667
2447,2019-07-05,0.2603626251220703
2448,2019-07-08,0.27849892775217694
2449,2019-07-09,0.0012152493000030518
2450,2019-07-10,0.09844985875216397
2451,2019-07-11,0.2911279747883479
2452,2019-07-12,0.47388720512390137
2453,2019-07-15,0.4309267997741699
2454,2019-07-16,0.322407566010952
2455,2019-07-17,0.14835740625858307
2456,2019-07-18,0.02426474094390869
2457,2019-07-19,0.19389192759990692
2458,2019-07-22,0.44644157886505126
2459,2019-07-23,0.1976865291595459
2460,2019-07-24,0.08022724092006683
2461,2019-07-25,0.1076878011226654
2462,2019-07-26,0.3563186377286911
2463,2019-07-29,0.0015248656272888184
2464,2019-07-30,0.8005890399217606
2465,2019-07-31,0.34387140969435376
2466,2019-08-01,0.08786836763223012
2467,2019-08-02,0.24944914132356644
2468,2019-08-05,0.362320202589035
2469,2019-08-06,0.24202316999435425
2470,2019-08-07,0.3221037180527397
2471,2019-08-08,0.1213383608394199
2472,2019-08-09,0.2518152515093485
2473,2019-08-12,0.25962190826733905
2474,2019-08-13,0.3514624357223511
2475,2019-08-14,0.29891910031437874
2476,2019-08-15,0.28654296257916617
2477,2019-08-16,0.3708052486181259
2478,2019-08-19,0.24453692883253098
2479,2019-08-20,0.32508500133241924
2480,2019-08-21,0.26372852325439455
2481,2019-08-22,0.10915236175060272
2482,2019-08-23,0.6526869535446167
2483,2019-08-26,0.574242913722992
2484,2019-08-27,0.19692284920636347
2485,2019-08-28,0.1734208031134172
2486,2019-08-29,0.1914623737335205
2487,2019-08-30,0.16549085080623627
2488,2019-09-03,0.11658897995948792
2489,2019-09-04,0.17646403312683107
2490,2019-09-05,0.2723896950483322
2491,2019-09-06,0.23385855555534363
2492,2019-09-09,0.14971695095300674
2493,2019-09-10,0.49762898683547974
2494,2019-09-11,0.28342341099466595
2495,2019-09-12,0.2942294917608562
2496,2019-09-13,0.4132416645685832
2497,2019-09-16,0.2594155967235565
2498,2019-09-17,0.4828461739752028
2499,2019-09-18,0.3214850378036499
2500,2019-09-19,0.28925859265857273
2501,2019-09-20,0.4817737340927124
2502,2019-09-23,0.4581031918525696
2503,2019-09-24,0.5579430103302002
2504,2019-09-25,0.2031885027885437
2505,2019-09-26,0.3307067036628723
2506,2019-09-27,0.2716538707415263
2507,2019-09-30,0.6748574495315551
2508,2019-10-01,0.2893337096486773
2509,2019-10-02,0.2060441623131434
2510,2019-10-03,0.14685432910919188
2511,2019-10-04,0.3122067451477051
2512,2019-10-07,0.39558794101079303
2513,2019-10-08,0.38269750277201336
2514,2019-10-09,0.20615874727567038
2515,2019-10-10,0.43078531537737164
2516,2019-10-11,0.391691617667675
2517,2019-10-15,0.4634479582309723
2518,2019-10-16,0.26303288009431625
2519,2019-10-17,0.1978698929150899
2520,2019-10-18,0.003991156816482544
2521,2019-10-21,0.22695159912109375
2522,2019-10-22,0.3742245674133301
2523,2019-10-23,0.12133320172627766
2524,2019-10-24,0.1329580204827445
2525,2019-10-25,0.22314347823460898
2526,2019-10-28,0.6294313549995423
2527,2019-10-29,0.2406448870897293
2528,2019-10-30,0.34007428194347183
2529,2019-10-31,0.021007049083709716
2530,2019-11-01,0.30316947897275287
2531,2019-11-04,0.11378976106643676
2532,2019-11-05,0.2670926560055126
2533,2019-11-06,0.18381468454996744
2534,2019-11-07,0.22352765798568724
2535,2019-11-08,0.3639562184160406
2536,2019-11-12,0.34694887910570416
2537,2019-11-13,0.394480832417806
2538,2019-11-14,0.24394774734973906
2539,2019-11-15,0.3718394257805564
2540,2019-11-18,0.4899792790412903
2541,2019-11-19,0.5033250749111176
2542,2019-11-20,0.24141464063099452
2543,2019-11-21,0.2405470609664917
2544,2019-11-22,0.49890197813510895
2545,2019-11-25,0.45111029148101806
2546,2019-11-26,0.6142268831079657
2547,2019-11-27,0.30873237988528085
2548,2019-11-29,0.5239754915237427
2549,2019-12-02,0.25220319628715515
2550,2019-12-03,0.4285738542675972
2551,2019-12-04,0.26475120291990395
2552,2019-12-05,0.15415299932161966
2553,2019-12-06,0.532928504049778
2554,2019-12-09,0.00016236305236816406
2555,2019-12-10,0.4569770336151123
2556,2019-12-11,0.2989056986920974
2557,2019-12-12,0.14125725130240122
2558,2019-12-13,0.3695409042494638
2559,2019-12-16,0.4014408425851302
2560,2019-12-17,0.5864720099112567
2561,2019-12-18,0.5378610576902118
2562,2019-12-19,0.4145821120057787
2563,2019-12-20,0.3902293841044108
2564,2019-12-23,0.3611040881701878
2565,2019-12-24,0.40597502674375263
2566,2019-12-26,0.1825279494126638
2567,2019-12-27,0.2261999315685696
2568,2019-12-30,0.6551076769828796
2569,2019-12-31,0.36958293120066327
2570,2020-01-02,0.10581048329671223
2571,2020-01-03,0.24328353669908312
2572,2020-01-06,0.34824090344565256
2573,2020-01-07,0.8090586463610331
2574,2020-01-08,0.37513555799211773
2575,2020-01-09,0.3103536036279466
2576,2020-01-10,0.2952698360789906
2577,2020-01-13,0.03196430206298828
2578,2020-01-14,0.43968020876248676
2579,2020-01-15,0.25602751157500525
2580,2020-01-16,0.3715990136067073
2581,2020-01-17,0.2928995043039322
2582,2020-01-21,0.7072731107473373
2583,2020-01-22,0.415137733731951
2584,2020-01-23,0.118543418970975
2585,2020-01-24,0.22360470106727198
2586,2020-01-27,0.3343173563480377
2587,2020-01-28,0.4703022340933482
2588,2020-01-29,0.3658066987991333
2589,2020-01-30,0.188419033499325
2590,2020-01-31,0.41439302762349445
2591,2020-02-03,0.21460052047457015
2592,2020-02-04,0.37131841480731964
2593,2020-02-05,0.3693191945552826
2594,2020-02-06,0.34361737966537476
2595,2020-02-07,0.2875479525989956
2596,2020-02-10,0.03422459959983826
2597,2020-02-11,0.5251158177852631
2598,2020-02-12,0.26944583654403687
2599,2020-02-13,0.1882488773419307
2600,2020-02-14,0.38081254867406994
2601,2020-02-18,0.41312663663517346
2602,2020-02-19,0.3983982705300854
2603,2020-02-20,0.15219981179517858
2604,2020-02-21,0.2503786808566043
2605,2020-02-24,0.21621160507202147
2606,2020-02-25,0.35929866213547557
2607,2020-02-26,0.38448402285575867
2608,2020-02-27,0.3304136633872986
2609,2020-02-28,0.2330248545516621
2610,2020-03-02,0.3887088213648115
2611,2020-03-03,0.2423505449996275
2612,2020-03-04,0.26837149262428284
2613,2020-03-05,0.23929843787224062
2614,2020-03-06,0.2160704020530947
2615,2020-03-09,0.27339765429496765
2616,2020-03-10,0.2925197074287816
2617,2020-03-11,0.29180542698928286
2618,2020-03-12,0.20900517404079438
2619,2020-03-13,0.31176716439864216
2620,2020-03-16,0.11684903231534091
2621,2020-03-17,0.34463552633921307
2622,2020-03-18,0.25766098260879516
2623,2020-03-19,0.27465443685650826
2624,2020-03-20,0.41802337567011516
2625,2020-03-23,0.17010045051574707
2626,2020-03-24,0.5419654548168182
2627,2020-03-25,0.0916544497013092
2628,2020-03-26,0.28461579301140527
2629,2020-03-27,0.22005969285964966
2630,2020-03-30,0.17663836479187012
2631,2020-03-31,0.7181166013081869
2632,2020-04-01,0.31281716624895733
2633,2020-04-02,0.009226535047803606
2634,2020-04-03,0.3245517238974571
2635,2020-04-06,0.6061704605817795
2636,2020-04-07,0.3302865266799927
2637,2020-04-08,0.13529940084977585
2638,2020-04-09,0.15749917924404144
2639,2020-04-10,0.16013163328170776
2640,2020-04-13,0.4823656380176544
2641,2020-04-14,0.46776638031005857
2642,2020-04-15,0.3686245537939526
2643,2020-04-16,0.32565895318984983
2644,2020-04-17,0.18240643739700318
2645,2020-04-20,0.26315529346466066
2646,2020-04-21,0.2918479773733351
2647,2020-04-22,0.366116722424825
2648,2020-04-23,0.4034720574106489
2649,2020-04-24,0.3065709829330444
2650,2020-04-27,0.5
2651,2020-04-28,0.4435647626717885
2652,2020-04-29,0.3815533369779587
2653,2020-04-30,0.4171431490353176
2654,2020-05-01,0.391571303208669
2655,2020-05-04,0.2143876382282802
2656,2020-05-05,0.37892591101782663
2657,2020-05-06,0.24390176790101187
2658,2020-05-07,0.003348112106323242
2659,2020-05-08,0.24399176239967346
2660,2020-05-11,0.6048630277315775
2661,2020-05-12,0.2794586221377055
2662,2020-05-13,0.5506820480028788
2663,2020-05-14,0.2544031083583832
2664,2020-05-15,0.367121440522811
2665,2020-05-18,0.31389936804771423
2666,2020-05-19,0.4860972591808864
2667,2020-05-20,0.29807072452136446
2668,2020-05-21,0.4057105829318364
2669,2020-05-22,0.47120077908039093
2670,2020-05-26,0.578803077340126
2671,2020-05-27,0.25419033949191755
2672,2020-05-28,0.1729697547852993
2673,2020-05-29,0.35856833060582477
2674,2020-06-01,0.0004512667655944824
2675,2020-06-02,0.34835682809352875
2676,2020-06-03,0.40685374112356276
2677,2020-06-04,0.17604392416336956
2678,2020-06-05,0.20321847060147455
2679,2020-06-08,0.3049561381340027
2680,2020-06-09,0.24416836670466832
2681,2020-06-10,0.28774850169817606
2682,2020-06-11,0.29944223165512085
2683,2020-06-12,0.3344595531622569
2684,2020-06-15,0.3363754987716675
2685,2020-06-16,0.7188654740651449
2686,2020-06-17,0.34067711730798084
2687,2020-06-18,0.19749526466642106
2688,2020-06-19,0.25803089141845703
2689,2020-06-22,0.3429760668012831
2690,2020-06-23,0.5209358930587769
2691,2020-06-24,0.24565447568893434
2692,2020-06-25,0.2703469793001811
2693,2020-06-26,0.4277225401666429
2694,2020-06-29,0.27394899725914
2695,2020-06-30,0.5439206686886874
2696,2020-07-01,0.20525171980261803
2697,2020-07-02,0.2725616455078125
2698,2020-07-06,0.6518599192301432
2699,2020-07-07,0.0501672625541687
2700,2020-07-08,0.44623813033103943
2701,2020-07-09,0.10319369489496405
2702,2020-07-10,0.3992596507072449
2703,2020-07-13,0.00019989411036173502
2704,2020-07-14,0.24343067407608032
2705,2020-07-15,0.0033879876136779785
2706,2020-07-16,0.24524529774983725
2707,2020-07-17,0.2455069124698639
2708,2020-07-20,0.3281382918357849
2709,2020-07-21,0.14067213733990988
2710,2020-07-22,0.3300437867641449
2711,2020-07-23,0.016652174293994904
2712,2020-07-24,0.45355571309725445
2713,2020-07-27,0.3645850916703542
2714,2020-07-28,0.09469674900174141
2715,2020-07-29,0.3269562806401934
2716,2020-07-30,0.2782815545797348
2717,2020-07-31,0.002793550491333008
2718,2020-08-03,0.137915743721856
2719,2020-08-04,0.2597139340180617
2720,2020-08-05,0.5688804239034653
2721,2020-08-06,0.19893312454223633
2722,2020-08-07,0.05705273151397705
2723,2020-08-10,0.5301531297819955
2724,2020-08-11,0.20923830866813659
2725,2020-08-12,0.22096933309848493
2726,2020-08-13,0.29772382974624634
2727,2020-08-14,0.14111799001693726
2728,2020-08-17,0.36505106422636246
2729,2020-08-18,0.004134987081800189
2730,2020-08-19,0.20000381469726564
2731,2020-08-20,0.3912239869435628
2732,2020-08-21,0.005666583776473999
2733,2020-08-24,0.6681513587633768
2734,2020-08-25,0.1761193573474884
2735,2020-08-26,0.4829455443790981
2736,2020-08-27,0.2550816360641928
2737,2020-08-28,0.01360023021697998
2738,2020-08-31,0.37094516224331325
2739,2020-09-01,0.0631611446539561
2740,2020-09-02,0.4104415774345398
2741,2020-09-03,0.6831093192100525
2742,2020-09-04,0.34925854206085205
2743,2020-09-08,0.12061983346939087
2744,2020-09-09,0.09678131341934204
2745,2020-09-10,0.43847137689590454
2746,2020-09-11,0.05096803108851115
2747,2020-09-14,0.18387824296951294
2748,2020-09-15,0.8937099874019623
2749,2020-09-16,0.46375206857919693
2750,2020-09-17,0.5
2751,2020-09-18,0.5
2752,2020-09-21,0.0013262927532196045
2753,2020-09-22,0.5
2754,2020-09-23,0.3433915575345357
2755,2020-09-24,0.008342862129211426
2756,2020-09-25,0.012595117092132568
2757,2020-09-28,0.0018915534019470215
2758,2020-09-29,0.9801813662052155
2759,2020-09-30,0.19524292647838593
2760,2020-10-01,0.15352115035057068
2761,2020-10-02,0.3009619235992432
2762,2020-10-05,0.20301487866569967
2763,2020-10-06,0.29015180468559265
2764,2020-10-07,0.32683574611490424
2765,2020-10-08,0.10714332262674968
2766,2020-10-09,0.1006232500076294
2767,2020-10-13,0.12942320108413696
2768,2020-10-14,0.010298997163772583
2769,2020-10-15,0.05708962678909302
2770,2020-10-16,0.18756703535715738
2771,2020-10-19,0.6472521622975668
2772,2020-10-20,0.0444522351026535
2773,2020-10-21,0.00349639356136322
2774,2020-10-22,0.2784849852323532
2775,2020-10-23,0.018520057201385498
2776,2020-10-26,0.5044004797935486
2777,2020-10-27,0.015112924575805663
2778,2020-10-28,0.4339246352513631
2779,2020-10-29,0.22439052164554596
2780,2020-10-30,0.5656462073326111
2781,2020-11-02,0.1634700059890747
2782,2020-11-03,0.2676207423210144
2783,2020-11-04,0.03813068072001139
2784,2020-11-05,0.18457493782043458
2785,2020-11-06,0.7096830010414124
2786,2020-11-09,0.3387209301193555
2787,2020-11-10,0.339165598154068
2788,2020-11-12,0.36335742473602295
2789,2020-11-13,0.26363786309957504
2790,2020-11-16,0.5035166229520526
2791,2020-11-17,0.00032001733779907227
2792,2020-11-18,0.2872475326061249
2793,2020-11-19,0.029604285955429077
2794,2020-11-20,0.026702880859375
2795,2020-11-23,0.5063585340976715
2796,2020-11-24,0.0029544591903686523
2797,2020-11-25,0.14573654958180018
2798,2020-11-27,0.16691385706265768
2799,2020-11-30,0.2916701095444815
2800,2020-12-01,0.2478041708469391
2801,2020-12-02,0.34357396364212034
2802,2020-12-03,0.49053038358688356
2803,2020-12-04,0.47610631585121155
2804,2020-12-07,0.3817100524902344
2805,2020-12-08,0.007744693756103515
2806,2020-12-09,0.10219847162564595
2807,2020-12-10,0.5565525889396667
2808,2020-12-11,0.33619465430577594
2809,2020-12-14,0.4341009126769172
2810,2020-12-15,0.004924267530441284
2811,2020-12-16,0.22597397367159525
2812,2020-12-17,0.6343383491039276
2813,2020-12-18,0.3631271719932556
2814,2020-12-21,0.323736051718394
2815,2020-12-22,0.1844229201475779
2816,2020-12-23,0.13458063453435898
2817,2020-12-24,0.0010053515434265137
2818,2020-12-28,0.18155606587727866
2819,2020-12-29,0.5
2820,2020-12-30,0.3456162015597026
2821,2020-12-31,0.5
2822,2021-01-04,0.03361934423446655
2823,2021-01-05,0.32825375927819145
2824,2021-01-06,0.172902538858611
2825,2021-01-07,0.3453676998615265
2826,2021-01-08,0.208349439005057
2827,2021-01-11,0.30810076348921833
2828,2021-01-12,0.3235706388950348
2829,2021-01-13,0.2579152230863218
2830,2021-01-14,0.3427355527877808
2831,2021-01-15,0.1350516711964327
2832,2021-01-19,0.5349352161089579
2833,2021-01-20,0.19007093565804617
2834,2021-01-21,0.346131158726556
2835,2021-01-22,0.641301441192627
2836,2021-01-25,0.3122545919920269
2837,2021-01-26,0.09451818466186523
2838,2021-01-27,0.1567751283829029
2839,2021-01-28,0.17552511559592354
2840,2021-01-29,0.40430859724680585
2841,2021-02-01,0.4266563057899475
2842,2021-02-02,0.14446223633629934
2843,2021-02-03,0.3966233253479004
2844,2021-02-04,0.19396040989802435
2845,2021-02-05,0.35995728319341486
2846,2021-02-08,0.16209768876433372
2847,2021-02-09,0.40821356177330015
2848,2021-02-10,0.2108989587196937
2849,2021-02-11,0.3880521357059479
2850,2021-02-12,0.33860275397698086
2851,2021-02-16,0.32181374894248116
2852,2021-02-17,0.365602246812872
2853,2021-02-18,0.23861227380601982
2854,2021-02-19,0.43902080399649485
2855,2021-02-22,0.18188724294304848
2856,2021-02-23,0.3164164704435012
2857,2021-02-24,0.30783634039820457
2858,2021-02-25,0.3014387603443448
2859,2021-02-26,0.22122781322552607
2860,2021-03-01,0.40171987654870017
2861,2021-03-02,0.39771304903803645
2862,2021-03-03,0.24471526323480808
2863,2021-03-04,0.2756304603686436
2864,2021-03-05,0.3488209781439408
2865,2021-03-08,0.382768416521596
2866,2021-03-09,0.3210447009016828
2867,2021-03-10,0.276945839325587
2868,2021-03-11,0.2762161439924098
2869,2021-03-12,0.34411842638338114
2870,2021-03-15,0.33223750041081357
2871,2021-03-16,0.24343474449649935
2872,2021-03-17,0.33160656182340875
2873,2021-03-18,0.3006120198209521
2874,2021-03-19,0.3934175796581037
2875,2021-03-22,0.28905758086372824
2876,2021-03-23,0.23848969910455786
2877,2021-03-24,0.2879706687397427
2878,2021-03-25,0.31511497838156566
2879,2021-03-26,0.3646375294084902
2880,2021-03-29,0.23074041542253995
2881,2021-03-30,0.23888919353485108
2882,2021-03-31,0.26780839098824394
2883,2021-04-01,0.2195951680879335
2884,2021-04-02,0.3200760100569044
2885,2021-04-05,0.1929120898246765
2886,2021-04-06,0.2906346321105957
2887,2021-04-07,0.2672962500498845
2888,2021-04-08,0.2258161505063375
2889,2021-04-09,0.3460763096809387
2890,2021-04-12,0.26283970177173616
2891,2021-04-13,0.2910937811389114
2892,2021-04-14,0.21850930982165867
2893,2021-04-15,0.27179602682590487
2894,2021-04-16,0.3865557106641623
2895,2021-04-19,0.3243682492863048
2896,2021-04-20,0.210521820713492
2897,2021-04-21,0.3230178469703311
2898,2021-04-22,0.23616062477231026
2899,2021-04-23,0.3327450596767923
2900,2021-04-26,0.529124387105306
2901,2021-04-27,0.21005704204241435
2902,2021-04-28,0.19227129220962524
2903,2021-04-29,0.45272874940525404
2904,2021-04-30,0.34838346172781554
2905,2021-05-03,0.26104864676793416
2906,2021-05-04,0.22632515907287598
2907,2021-05-05,0.13744008913636208
2908,2021-05-06,0.3075844794511795
2909,2021-05-07,0.1722996401786804
2910,2021-05-10,0.3029707701582658
2911,2021-05-11,0.25135083744923276
2912,2021-05-12,0.22126273408768668
2913,2021-05-13,0.30646461248397827
2914,2021-05-14,0.4073346058527629
2915,2021-05-17,0.17853245470258924
2916,2021-05-18,0.24384995102882384
2917,2021-05-19,0.17154490259977487
2918,2021-05-20,0.053774433476584296
2919,2021-05-21,0.21724454561869302
2920,2021-05-24,0.12320116020384289
2921,2021-05-25,0.1916110129917369
2922,2021-05-26,0.31639365553855897
2923,2021-05-27,0.22652924060821533
2924,2021-05-28,0.28454913747938054
2925,2021-06-01,0.20421600639820098
2926,2021-06-02,0.14800794187345004
2927,2021-06-03,0.24107021652162075
2928,2021-06-04,0.12162625603377819
2929,2021-06-07,0.050936060292380195
2930,2021-06-08,0.3622667644474957
2931,2021-06-09,0.27279887563091215
2932,2021-06-10,0.2554874454719433
2933,2021-06-11,0.22080207076565972
2934,2021-06-14,0.23988571763038635
2935,2021-06-15,0.35924161473910016
2936,2021-06-16,0.4060613118833111
2937,2021-06-17,0.14237276315689087
2938,2021-06-18,0.20624563097953796
2939,2021-06-21,0.2741811071954122
2940,2021-06-22,0.33104978998502094
2941,2021-06-23,0.2479192543029785
2942,2021-06-24,0.2455286046733027
2943,2021-06-25,0.24812361101309457
2944,2021-06-28,0.4306556820869446
2945,2021-06-29,0.1684429726817391
2946,2021-06-30,0.30137425661087036
2947,2021-07-01,0.20125531608408148
